angle,B,strength,E_i,v_i,E_f,v_f,id
0.0,0.1085427135678392,0.0,10.267491457286432,[1. 0. 0. 0.],1.1525085427135675,[0. 0. 0. 1.],3->2
0.0,0.03618090452261307,0.0,4.1908361809045225,[0. 0. 0. 1.],-5.2036120603015075,[0. 1. 0. 0.],2->1
0.0,0.36984924623115584,0.0,-0.5335899497487429,[0. 1. 0. 0.],-9.819230150753771,[0. 0. 0. 1.],2->1
0.0,0.07236180904522614,0.7499999999999999,2.671672361809044,[0. 0. 0. 1.],-6.722775879396985,[0. 0. 1. 0.],2->0
0.0,0.3296482412060302,1.0,-1.096243216080401,[0. 1. 0. 0.],-10.323756783919599,[0. 0. 1. 0.],2->0
0.0,0.7396984924623117,0.7499999999999999,-16.062820100502513,[0. 0. 1. 0.],-25.348460301507544,[0. 0. 0. 1.],1->0
0.015866629563584814,0.1085427135678392,3.6212782598570907e-09,10.267038342451798,[9.99995831e-01 2.88751122e-03 7.95592077e-06 3.64430915e-08],1.1532901383541017,[-2.05788571e-07  4.49242502e-05  4.98066770e-03  9.99987595e-01],3->2
0.015866629563584814,0.03618090452261307,0.00022721732483265772,4.191046008788203,[-1.04760196e-08  2.28698404e-06  1.33711942e-03  9.99999106e-01],-5.203436465351967,[ 1.11918076e-03 -9.99873566e-01 -1.58618831e-02  2.34959596e-05],2->1
0.015866629563584814,0.36984924623115584,0.02045804043142158,-0.5325644736172833,[ 6.53335967e-03 -9.99852746e-01 -1.58663946e-02 -2.43089176e-04],-9.798710206349439,[ 1.05172365e-05 -2.29462343e-03  1.29412507e-01  9.91588190e-01],2->1
0.015866629563584814,0.07236180904522614,0.7497075587119535,2.672137255040026,[-5.91778876e-08  1.29188263e-05  2.96249846e-03  9.99995612e-01],-6.723240662536445,[-2.85341649e-05  1.58616489e-02 -9.99869809e-01  2.96192085e-03],2->0
0.015866629563584814,0.3296482412060302,0.9946458064295272,-1.0952793191817607,[ 6.14056120e-03 -9.99855216e-01 -1.58669375e-02 -2.85994163e-04],-10.332793081087432,[ 6.71412071e-05 -1.58241973e-02  9.98223325e-01 -5.74437482e-02],2->0
0.015866629563584814,0.7396984924623117,0.7500718865714623,-16.058015086089878,[ 8.54347690e-05 -1.58623814e-02  9.99405288e-01  3.06177773e-02],-25.35326539691754,[-1.53585674e-06  3.35336736e-04 -3.06163108e-02  9.99531155e-01],1->0
0.03173325912716963,0.7396984924623117,0.7502874390800452,-16.04363692468471,[ 3.41591803e-04 -3.16994092e-02  9.97628004e-01  6.11015206e-02],-25.367644772710896,[-1.22519137e-05  1.33775804e-03 -6.10898393e-02  9.98131375e-01],1->0
0.03173325912716963,0.3296482412060302,0.9792712274377795,-1.0923845151318727,[ 0.01227906 -0.99942021 -0.0317357  -0.00114428],-10.35945283608964,[ 2.66265861e-04 -3.14039370e-02  9.93137472e-01 -1.12657372e-01],2->0
0.03173325912716963,0.07236180904522614,0.748832294948845,2.673531734659204,[-4.73267672e-07  5.16432298e-05  5.92379992e-03  9.99982453e-01],-6.724633493186051,[-1.14013227e-04  3.16934833e-02 -9.99480102e-01  5.91918721e-03],2->0
0.03173325912716963,0.1085427135678392,5.7856182179788597e-08,10.265679060466976,[9.99983326e-01 5.77469624e-03 3.18224393e-05 2.91595188e-07],1.155634525068978,[-1.64519332e-06  1.79517764e-04  9.95915499e-03  9.99950390e-01],3->2
0.03173325912716963,0.03618090452261307,0.0009072936977959133,4.191675423020801,[-8.37975866e-08  9.14431130e-06  2.67380365e-03  9.99996425e-01],-5.202910310109824,[ 2.23743048e-03 -9.99495067e-01 -3.16953503e-02  9.38873603e-05],2->1
0.03173325912716963,0.36984924623115584,0.07071636692559771,-0.5294856421090454,[ 1.30646633e-02 -9.99410571e-01 -3.17313612e-02 -9.72482238e-04],-9.741303194031394,[ 7.84452599e-05 -8.54112146e-03  2.39287498e-01  9.70911189e-01],2->1
0.04759988869075445,0.1085427135678392,2.921876511762999e-07,10.263413798889971,[-9.99962488e-01 -8.66122885e-03 -7.15958255e-05 -9.84417816e-07],1.1595405017227505,[-5.54626474e-06  4.03243992e-04  1.49332761e-02  9.99888411e-01],3->2
0.04759988869075445,0.03618090452261307,0.0020355345977057836,4.192724215385974,[-2.82757474e-07  2.05611148e-05  4.00961772e-03  9.99991961e-01],-5.2020354757937195,[ 3.35382670e-03 -9.98866902e-01 -4.74722959e-02  2.10886219e-04],2->1
0.04759988869075445,0.36984924623115584,0.13074991290637017,-0.5243462505560933,[ 0.01959183 -0.99867224 -0.04759338 -0.00218855],-9.656162392241662,[ 2.41068936e-04 -1.74484327e-02  3.22710480e-01  9.46336853e-01],2->1
0.04759988869075445,0.07236180904522614,0.7473803459805716,2.6758552005824336,[-1.59640516e-06  1.16077108e-04  8.88270789e-03  9.99960541e-01],-6.726949833114708,[-2.56068982e-04  4.74660321e-02 -9.98833461e-01  8.86718562e-03],2->0
0.04759988869075445,0.3296482412060302,0.9556901228569186,-1.0875494652301452,[ 0.01841342 -0.99869304 -0.04760798 -0.00257574],-10.402490016503544,[ 5.91101779e-04 -4.65402813e-02  9.85388420e-01 -1.63839296e-01],2->0
0.04759988869075445,0.7356783919597991,0.7506512227268233,-15.963242570485086,[ 7.67113776e-04 -4.74848964e-02  9.94632538e-01  9.19277478e-02],-25.222983119826235,[-4.15145382e-05  3.02278650e-03 -9.18880484e-02  9.95764755e-01],1->0
0.06346651825433926,0.7356783919597991,0.7511567198600833,-15.92990004186744,[ 0.00136241 -0.06319646  0.9905218   0.12194636],-25.25633987507594,[-9.77541196e-05  5.34040784e-03 -1.21853205e-01  9.92533761e-01],1->0
0.06346651825433926,0.07236180904522614,0.7453617989520942,2.679106653127201,[-3.78117888e-06  2.06060702e-04  1.18380269e-02  9.99929907e-01],-6.730182178317661,[-4.54094646e-04  6.31505017e-02 -9.97934134e-01  1.18013837e-02],2->0
0.06346651825433926,0.32562814070351764,0.9316319822144455,-1.1371264799527994,[ 0.02437487 -0.99767381 -0.06348999 -0.00467601],-10.396373278817661,[ 0.00103133 -0.06128621  0.97809198 -0.19894475],2->0
0.06346651825433926,0.03618090452261307,0.003604222126179976,4.194192038986453,[-6.70043259e-07  3.65193087e-05  5.34412711e-03  9.99985719e-01],-5.2008150726502675,[ 4.46746385e-03 -9.97993014e-01 -6.31652275e-02  3.74017354e-04],2->1
0.06346651825433926,0.3738693467336684,0.21064315319670238,-0.4607770922894112,[ 0.02626099 -0.99763216 -0.06344826 -0.0038409 ],-9.69856901850258,[ 5.45977391e-04 -2.95153649e-02  4.09103044e-01  9.12010551e-01],2->1
0.06346651825433926,0.1085427135678392,9.203305830076274e-07,10.260242870320196,[9.99933326e-01 1.15467827e-02 1.27269866e-04 2.33437866e-06],1.165006064727522,[-1.31259712e-05  7.15212529e-04  1.99008347e-02  9.99801703e-01],3->2
0.07933314781792407,0.1085427135678392,2.2371347338139883e-06,10.256166712402443,[9.99895847e-01 1.44310315e-02 1.98835870e-04 4.56170742e-06],1.1720284055764318,[-2.55847803e-05  1.11418486e-03  2.48596189e-02  9.99690331e-01],3->2
0.07933314781792407,0.03618090452261307,0.005602769973087063,4.196078408438843,[-1.30818560e-06  5.69936266e-05  6.67689796e-03  9.99977708e-01],-5.199253403030337,[ 5.57746118e-03 -9.96878817e-01 -7.87475518e-02  5.82625392e-04],2->1
0.07933314781792407,0.37788944723618095,0.28609244889038477,-0.3950186597428163,[ 0.03299394 -0.99628763 -0.07929205 -0.00592726],-9.714634467616845,[ 0.00099913 -0.04299578  0.47494398  0.87896449],2->1
0.07933314781792407,0.07236180904522614,0.7427904846207013,2.683284693700828,[-7.37786875e-06  3.21371212e-04  1.47885629e-02  9.99890592e-01],-6.7343201467377645,[-7.07254939e-04  7.87190915e-02 -9.96787943e-01  1.47173681e-02],2->0
0.07933314781792407,0.3216080402010051,0.9067224553944356,-1.1848391890193608,[ 0.03024211 -0.99635697 -0.07938771 -0.00746997],-10.396920749994173,[ 0.00158017 -0.07561995  0.97100877 -0.22676221],2->0
0.07933314781792407,0.7316582914572866,0.7518190996672638,-15.830407507921066,[ 0.00212349 -0.07880507  0.98516295  0.15244411],-25.13080137342163,[-1.90955631e-04  8.35004439e-03 -1.52261942e-01  9.88304883e-01],1->0
0.0951997773815089,0.3216080402010051,0.8747809855107906,-1.1741987745125646,[ 0.03626678 -0.99473028 -0.09529131 -0.0107679 ],-10.470810606955256,[ 0.00223159 -0.08920256  0.96142272 -0.26020045],2->0
0.0951997773815089,0.07236180904522614,0.7396837005378293,2.6883875257672236,[-1.27336993e-05  4.61723650e-04  1.77331240e-02  9.99842649e-01],-6.739350597478588,[ 0.0010145  -0.09414528  0.99540218 -0.01761088],2->0
0.0951997773815089,0.7276381909547739,0.7526359828344897,-15.721456039152422,[ 0.00304937 -0.0942886   0.9786357   0.18268148],-25.01474690152109,[-3.29399508e-04  1.20109617e-02 -1.82367238e-01  9.83157067e-01],1->0
0.0951997773815089,0.03618090452261307,0.008017931694261179,4.198382700146068,[-2.25950759e-06  8.19516751e-05  8.00749732e-03  9.99967936e-01],-5.197355911161885,[ 6.68296993e-03 -9.95531095e-01 -9.41938376e-02  8.35884245e-04],2->1
0.0951997773815089,0.1085427135678392,4.614323792912074e-06,10.251185887832719,[9.99850067e-01 1.73136485e-02 2.86282676e-04 7.88765510e-06],1.1806039075419952,[-4.41013863e-05  1.59858232e-03  2.98073971e-02  9.99554382e-01],3->2
0.0951997773815089,0.37788944723618095,0.32570703158989356,-0.3834852905643552,[ 0.0395695  -0.99464174 -0.09512706 -0.00853836],-9.581098785578478,[ 0.00154583 -0.05518462  0.50007937  0.86421808],2->1
0.1110664069450937,0.31758793969849247,0.8497604475777969,-1.2181087731213733,[ 0.04197957 -0.9927936  -0.11123554 -0.01500817],-10.481315488477135,[ 0.00297667 -0.10270942  0.95524643 -0.27739173],2->0
0.1110664069450937,0.0763819095477387,0.7356251986859916,2.527170222550872,[-2.34768366e-05  7.28698042e-04  2.20820028e-02  9.99755897e-01],-6.8030574792783725,[ 0.00142994 -0.10939176  0.99375707 -0.02186974],2->0
0.1110664069450937,0.7236180904522613,0.7536097281506364,-15.603256016490343,[ 0.00413798 -0.1096254   0.97097674  0.21253074],-24.907977292926574,[-5.21191832e-04  1.63018938e-02 -2.12034011e-01  9.77126171e-01],1->0
0.1110664069450937,0.03618090452261307,0.01083405431088329,4.201104152647216,[-3.58607547e-06  1.11354002e-04  9.33549332e-03  9.99956417e-01],-5.195129120995468,[ 0.00778318 -0.99395788 -0.10948005  0.00113281],2->1
0.1110664069450937,0.1085427135678392,8.495143820617646e-06,10.245301084365817,[9.99795998e-01 2.01943071e-02 3.89596662e-04 1.25347578e-05],1.1907281416863456,[-6.98276296e-05  2.16649621e-03  3.47419133e-02  9.99393967e-01],3->2
0.1110664069450937,0.3819095477386935,0.38113123662481546,-0.313261208871538,[ 0.04638624 -0.99267804 -0.11093589 -0.01148305],-9.570783267078136,[ 0.00228995 -0.06966435  0.53732957  0.8404871 ],2->1
0.12693303650867852,0.1085427135678392,1.438801257746492e-05,10.23851311482485,[9.99733661e-01 2.30726803e-02 5.08761760e-04 1.87271061e-05],1.202395862366106,[-1.03883653e-04  2.81570000e-03  3.96608848e-02  9.99209225e-01],3->2
0.12693303650867852,0.03618090452261307,0.01403336785860422,4.20424186704436,[-5.34965117e-06  1.45154182e-04  1.06604554e-02  9.99943165e-01],-5.192580563771413,[ 0.00887732 -0.99216829 -0.12458375  0.00147227],2->1
0.12693303650867852,0.38592964824120607,0.4274681069658631,-0.24069779692371274,[ 0.0532573  -0.99039734 -0.12671619 -0.01482479],-9.54975675938762,[ 0.00318816 -0.08434765  0.56452977  0.82108553],2->1
0.12693303650867852,0.0763819095477387,0.7313835592946829,2.5345896002155897,[-3.49821250e-05  9.48674454e-04  2.52105595e-02  9.99681713e-01],-6.810284056558372,[ 0.00185793 -0.1244542   0.99191122 -0.02489643],2->0
0.12693303650867852,0.3135678391959799,0.8252556177915121,-1.2601270294715294,[ 0.04758647 -0.9905281  -0.12722229 -0.02010237],-10.493567923357395,[ 0.00381119 -0.11590082  0.94974737 -0.29074458],2->0
0.12693303650867852,0.7155778894472362,0.7547798109976125,-15.417767869855204,[ 0.00537955 -0.12476861  0.9618408   0.24344635],-24.643486419500043,[-7.80363922e-04  2.13775186e-02 -2.42700011e-01  9.69865505e-01],1->0
0.14279966607226333,0.30954773869346736,0.8010783185382389,-1.300221532981368,[ 0.05308229 -0.98791411 -0.14326581 -0.02613212],-10.506701673504391,[ 0.00472991 -0.12880416  0.94485679 -0.30105275],2->0
0.14279966607226333,0.7115577889447237,0.7560842638064587,-15.281450758548177,[ 0.00678458 -0.13974673  0.9519773   0.27233076],-24.554950153048598,[-0.00110298  0.02688541 -0.27127903  0.96212455],1->0
0.14279966607226333,0.0763819095477387,0.7266615578483141,2.5429883222010705,[-4.97089573e-05  1.19624684e-03  2.83287291e-02  9.99597944e-01],-6.818405332308194,[ 0.00233769 -0.13930332  0.98985428 -0.02788577],2->0
0.14279966607226333,0.1085427135678392,2.285927775260899e-05,10.230822917112848,[9.99663075e-01 2.59484407e-02 6.43759467e-04 2.66906219e-05],1.2156010024459551,[-1.47353337e-04  3.54366346e-03  4.45619986e-02  9.99000325e-01],3->2
0.14279966607226333,0.03618090452261307,0.01759630068994226,4.20779480750602,[-7.61164693e-06  1.83298910e-04  1.19819547e-02  9.99928197e-01],-5.18971869715329,[ 0.00996468 -0.99017242 -0.13948426  0.001853  ],2->1
0.14279966607226333,0.38592964824120607,0.44629114805926196,-0.22243084954002018,[ 0.05985871 -0.98780734 -0.14248256 -0.01876983],-9.404034964650574,[ 0.0041546  -0.09721059  0.56803206  0.81723461],2->1
0.15866629563584814,0.11256281407035176,4.277635057449037e-05,10.389713081197746,[9.99559711e-01 2.96594421e-02 8.37270616e-04 3.86216730e-05],1.06551922555471,[-2.28650414e-04  4.93817624e-03  5.19750601e-02  9.98636148e-01],3->2
0.15866629563584814,0.03618090452261307,0.021501810076249912,4.211761801846659,[-1.04330824e-05  2.25728117e-04  1.32995639e-02  9.99911531e-01],-5.186552817886436,[ 0.01104459 -0.98798111 -0.15416279  0.00227363],2->1
0.15866629563584814,0.3899497487437186,0.4805217435989589,-0.14510712629987182,[ 0.06679564 -0.98488067 -0.15818812 -0.02291114],-9.37315203586622,[ 0.00535821 -0.11211017  0.58379946  0.80410247],2->1
0.15866629563584814,0.0763819095477387,0.7214876060002222,2.552362687824479,[-6.80360616e-05  1.47077998e-03  3.14352255e-02  9.99504707e-01],-6.827397130880017,[ 0.00286744 -0.15391979  0.98759796 -0.03083406],2->0
0.15866629563584814,0.30954773869346736,0.769542678884421,-1.2814988337466755,[ 0.05890336 -0.98494444 -0.15927983 -0.03232309],-10.598201000586004,[ 0.00572378 -0.14068664  0.93697651 -0.31976479],2->0
0.15866629563584814,0.7035175879396985,0.7576139432249297,-15.077395609918698,[ 0.00833247 -0.15447492  0.94054174  0.30240587],-24.309179779957248,[-0.00151187  0.03320811 -0.30096215  0.95305651],1->0
0.17453292519943295,0.699497487437186,0.759262718424598,-14.924376662170776,[ 0.0100433  -0.16903438  0.9287129   0.32987704],-24.2375350110701,[-0.00199051  0.03979707 -0.32798587  0.94384188],1->0
0.17453292519943295,0.3055276381909548,0.7457275875272719,-1.3174846768628883,[ 0.06420934 -0.98156797 -0.1754463  -0.04025014],-10.61305268305267,[ 0.00679584 -0.15300527  0.93313025 -0.32528625],2->0
0.17453292519943295,0.0763819095477387,0.7158916200433387,2.562708569437826,[-9.03340607e-05  1.77157262e-03  3.45287675e-02  9.99402130e-01],-6.837233318153842,[ 0.00344524 -0.16828648  0.98515458 -0.0337379 ],2->0
0.17453292519943295,0.3939698492462312,0.5096754144057923,-0.06527770496575816,[ 0.07377678 -0.9816236  -0.17384013 -0.02741709],-9.337217307481565,[ 0.00672278 -0.12703435  0.59501941  0.79357985],2->1
0.17453292519943295,0.03618090452261307,0.02572771793173501,4.216141542181714,[-1.38745445e-05  2.72375097e-04  1.46128579e-02  9.99893189e-01],-5.1830929699734725,[ 0.01211644 -0.98560586 -0.16860251  0.00273268],2->1
0.17453292519943295,0.11256281407035176,6.196201165027082e-05,10.37994592569041,[9.99467546e-01 3.26128077e-02 1.01285299e-03 5.14699606e-05],1.0826079951384624,[-3.02811787e-04  5.93169523e-03  5.70825089e-02  9.98351797e-01],3->2
0.1903995547630178,0.11256281407035176,8.673693212205865e-05,10.369253925633299,[9.99366723e-01 3.55625756e-02 1.20506068e-03 6.69141689e-05],1.1012879081515377,[-3.90988974e-04  7.00307401e-03  6.21636042e-02  9.98041327e-01],3->2
0.1903995547630178,0.03618090452261307,0.030251042221001858,4.220932585657418,[-1.79961506e-05  3.23166639e-04  1.59214136e-02  9.99873194e-01],-5.179349850317334,[ 0.01317966 -0.98305859 -0.18278861  0.00322859],2->1
0.1903995547630178,0.39798994974874374,0.5347226293739842,0.017116445043328554,[ 0.08079841 -0.97803205 -0.18942846 -0.03227681],-9.297357600245917,[ 0.00825073 -0.1419614   0.60268366  0.7852078 ],2->1
0.1903995547630178,0.0763819095477387,0.7099045719453111,2.574021415324854,[-1.16964764e-04  2.09786025e-03  3.76080791e-02  9.99290357e-01],-6.847886040948654,[ 0.00406908 -0.18238845  0.9825369  -0.03659419],2->0
0.1903995547630178,0.30150753768844224,0.7215097761635396,-1.3513372915114419,[ 0.06938514 -0.97774846 -0.19171472 -0.04938741],-10.627120116959489,[ 0.00793832 -0.16509642  0.92967629 -0.32921445],2->0
0.1903995547630178,0.6914572864321609,0.761172150702228,-14.703208165495667,[ 0.0118854  -0.18329235  0.91522121  0.35865414],-24.009117341405624,[-0.00257289  0.04722586 -0.35621125  0.93320772],1->0
0.2062661843266026,0.2974874371859297,0.6965491431749896,-1.3829341309385885,[ 0.07442114 -0.97343073 -0.20810712 -0.0598793 ],-10.640103570378848,[ 0.00914692 -0.17697112  0.92654249 -0.33183816],2->0
0.2062661843266026,0.08040201005025127,0.7020778342982944,2.422954172875599,[-1.71426966e-04  2.83061969e-03  4.33286613e-02  9.99056848e-01],-6.920823795135775,[ 0.00491342 -0.19613981  0.97966668 -0.04193115],2->0
0.2062661843266026,0.6834170854271358,0.763288594445314,-14.473780975385054,[ 0.01386824 -0.19729304  0.90074215  0.38671269],-23.78911940692042,[-0.00325104  0.05517549 -0.38363128  0.92183086],1->0
0.2062661843266026,0.03618090452261307,0.03504831571676858,4.226133355254749,[-2.28575154e-05  3.78023190e-04  1.72248103e-02  9.99851570e-01],-5.175334713675419,[-0.01423376  0.98035152  0.19670832 -0.00375974],2->1
0.2062661843266026,0.11256281407035176,0.00011796534906520651,10.357638543250808,[9.99257272e-01 3.85084172e-02 1.41386758e-03 8.52034939e-05],1.121548917830829,[-4.94177704e-04  8.14805242e-03  6.72157038e-02  9.97705074e-01],3->2
0.2062661843266026,0.39798994974874374,0.5427451599399907,0.045052052148414436,[ 0.08740651 -0.97411532 -0.20499767 -0.03788663],-9.14895388092306,[ 0.00983084 -0.15530331  0.59667144  0.78725309],2->1
0.2221328138901874,0.11256281407035176,0.00015652280778840564,10.345101368014383,[9.99139229e-01 4.14500032e-02 1.63924547e-03 1.06590743e-04],1.1433800598038049,[-6.13308499e-04  9.36212877e-03  7.22361224e-02  9.97343430e-01],3->2
0.2221328138901874,0.03618090452261307,0.04009588513523734,4.231742140666605,[-2.85177211e-05  4.36859011e-04  1.85226303e-02  9.99828346e-01],-5.171059278608437,[-0.01527828  0.977497    0.21035086 -0.00432446],2->1
0.2221328138901874,0.4020100502512563,0.5629293755219472,0.13264564707574525,[ 0.09446756 -0.96984259 -0.22043501 -0.04346992],-9.10602915970508,[ 0.01168843 -0.17029372  0.60013985  0.78147015],2->1
0.2221328138901874,0.08040201005025127,0.6951960943459632,2.4370479843585264,[-2.13384789e-04  3.26281626e-03  4.65730573e-02  9.98909535e-01],-6.933810192273405,[ 0.00564915 -0.2096608   0.97672855 -0.04485286],2->0
0.2221328138901874,0.2934673366834171,0.6704908385321535,-1.4121144460985626,[ 0.07930548 -0.96854271 -0.22464748 -0.0718969 ],-10.651761853429038,[ 0.01041742 -0.18863829  0.92366788 -0.33338373],2->0
0.2221328138901874,0.6713567839195981,0.7657538285524,-14.174086086113055,[ 0.01595968 -0.21089667  0.88420219  0.41647854],-23.41454439103837,[-0.00406039  0.0641196  -0.41261992  0.90863469],1->0
0.23799944345377222,0.28944723618090457,0.6429601648088644,-1.438669905308327,[-0.08402326  0.96299029  0.2413609   0.0856429 ],-10.661897891397441,[ 0.01174571 -0.2001053   0.92100137 -0.33403051],2->0
0.23799944345377222,0.08040201005025127,0.6880106237163617,2.452153726915972,[-2.61506958e-04  3.72107698e-03  4.97978605e-02  9.98752351e-01],-6.947567196329385,[ 0.00642592 -0.22288388  0.97365539 -0.04771444],2->0
0.23799944345377222,0.663316582914573,0.7683312571278879,-13.928786823100989,[ 0.01821007 -0.22434775  0.86783422  0.44294497],-23.21084565671827,[-0.00494568  0.07304    -0.43826383  0.89586021],1->0
0.23799944345377222,0.03618090452261307,0.04537018518000198,4.237757099247397,[-3.50352925e-05  4.99582355e-04  1.98144582e-02  9.99803549e-01],-5.166535635908525,[-0.01631283  0.9745074   0.22370742 -0.00492103],2->1
0.23799944345377222,0.11256281407035176,0.000203283724096853,10.331644116671502,[9.99012631e-01 4.43870041e-02 1.88116404e-03 1.31332708e-04],1.1667694479970934,[-7.49244174e-04  1.06405886e-02  7.72221347e-02  9.96956849e-01],3->2
0.23799944345377222,0.40603015075376886,0.5807715454730343,0.22297668813705382,[ 0.10155825 -0.96522442 -0.23577477 -0.04937614],-9.060925978788447,[ 0.01371724 -0.18524966  0.60159106  0.77690578],2->1
0.25386607301735703,0.285427135678392,0.6135580513785914,-1.4623326152794913,[-0.08855548  0.95665052  0.25827212  0.10135689],-10.6703484304905,[ 0.01312776 -0.21137833  0.91850034 -0.33392213],2->0
0.25386607301735703,0.08442211055276383,0.6782953969579101,2.307894089778618,[-3.63742984e-04  4.83580572e-03  5.63256769e-02  9.98400671e-01],-7.026240055309212,[ 0.00749236 -0.23567132  0.97032479 -0.05359753],2->0
0.25386607301735703,0.6512562814070353,0.7713314174232672,-13.61240938097905,[ 0.02055176 -0.23734619  0.84924179  0.47120356],-22.853475024405473,[-0.00597998  0.08299819 -0.46554194  0.88110513],1->0
0.25386607301735703,0.03618090452261307,0.05084798356590872,4.244176257034001,[-4.24681768e-05  5.66095660e-04  2.10998821e-02  9.99777212e-01],-5.161776160766389,[-0.01733705  0.97139493  0.23677108 -0.00554772],2->1
0.25386607301735703,0.11256281407035176,0.00025910917879990293,10.317268633278644,[9.98877520e-01 4.73190898e-02 2.13959092e-03 1.59690558e-04],1.191704272558156,[-9.02777924e-04  1.19785340e-02  8.21709817e-02  9.96545849e-01],3->2
0.25386607301735703,0.40603015075376886,0.5859230266392984,0.25868829002917404,[ 0.10812929 -0.96026319 -0.25109295 -0.05616928],-8.914105620513391,[ 0.01579319 -0.1988574   0.59274722  0.78029292],2->1
0.26973270258094184,0.11256281407035176,0.00032483513776252246,10.30197688923936,[9.98733939e-01 5.02459294e-02 2.41449177e-03 1.91930250e-04],1.2181708001264344,[-0.00107463  0.01337091  0.08707988  0.99611102],3->2
0.26973270258094184,0.03618090452261307,0.056506594581336285,4.2509975098370845,[-5.08737279e-05  6.36295740e-04  2.23784931e-02  9.99749366e-01],-5.156793429700874,[-0.01835066  0.96817158  0.2495367  -0.00620279],2->1
0.26973270258094184,0.4100502512562815,0.6010155843940486,0.3545529137187438,[-0.11523837  0.95494301  0.26620979  0.06274   ],-8.867847476612976,[ 0.01816775 -0.21380434  0.59167453  0.77709644],2->1
0.26973270258094184,0.08442211055276383,0.6703584649149165,2.326071963480804,[-4.34375495e-04  5.41663061e-03  5.97040599e-02  9.98201331e-01],-7.042372602515291,[ 0.00837341 -0.2482607   0.96700862 -0.05648757],2->0
0.26973270258094184,0.28140703517587945,0.5818593850867365,-1.4827598927167385,[-0.09287768  0.94936276  0.2754028   0.11932051],-10.676976585894707,[-0.01455961  0.22246264 -0.91612934  0.33317477],2->0
0.26973270258094184,0.6432160804020102,0.774413577581995,-13.353408465752942,[ 0.02305903 -0.25025687  0.83130583  0.49575236],-22.664066356699927,[-0.00707977  0.09270031 -0.48909257  0.86726293],1->0
0.28559933214452665,0.28140703517587945,0.5487153919217304,-1.4431680177535606,[-0.09790892  0.94195226  0.2918362   0.13405752],-10.77245549984863,[ 0.01603933 -0.23216666  0.91106179 -0.34030545],2->0
0.28559933214452665,0.08442211055276383,0.6622080720272512,2.3453005999782235,[-5.13236654e-04  6.02255653e-03  6.30567717e-02  9.97991638e-01],-7.059209086964668,[ 0.00928986 -0.2605376   0.96359566 -0.05930647],2->0
0.28559933214452665,0.6311557788944724,0.7780096583158403,-13.022562455192666,[ 0.02564021 -0.26267151  0.81098365  0.52216067],-22.321875781119317,[-0.00834376  0.10347787 -0.51433007  0.85128567],1->0
0.28559933214452665,0.03618090452261307,0.06232406010972146,4.258218624401658,[-6.03086966e-05  7.10074000e-04  2.36498858e-02  9.99720048e-01],-5.151600143037347,[-0.01935338  0.96484901  0.26200082 -0.0068845 ],2->1
0.28559933214452665,0.41407035175879403,0.614655749488621,0.45332166852169475,[-0.12236595  0.94927053  0.28118981  0.06960126],-8.82038154597716,[ 0.02071945 -0.22867871  0.58927877  0.77461428],2->1
0.28559933214452665,0.11256281407035176,0.0004012612770869367,10.285770983347225,[9.98581933e-01 5.31671918e-02 2.70583028e-03 2.28322972e-04],1.2461543767539913,[-0.00126546  0.01481256  0.09194601  0.99565301],3->2
0.30146596170811146,0.11658291457286434,0.0006003459843153852,10.432784768792832,[9.98331729e-01 5.76509729e-02 3.16929552e-03 2.83013958e-04],1.1214022438253075,[-0.00166747  0.01840632  0.10161465  0.99465215],3->2
0.30146596170811146,0.03618090452261307,0.06827929821902,4.26583723963566,[-7.08292265e-05  7.87316650e-04  2.49136585e-02  9.99689294e-01],-5.146209053493992,[-0.02034502  0.96143845  0.27416155 -0.00759112],2->1
0.30146596170811146,0.4180904522613066,0.6270626597384702,0.555046905271334,[-0.12950821  0.94324493  0.29601912  0.07674174],-8.771990837418834,[ 0.02344949 -0.24346721  0.585726    0.77272174],2->1
0.30146596170811146,0.08844221105527639,0.6506951633684522,2.2088811657578242,[-6.87914798e-04  7.61525745e-03  7.03883046e-02  9.97490361e-01],-7.144066886763911,[-0.01056949  0.27229297 -0.95991397  0.06565062],2->0
0.30146596170811146,0.27738693467336684,0.5134287034007808,-1.4563143912856753,[ 0.10181202 -0.93255491 -0.30921339 -0.15608568],-10.776279194110899,[-0.0175634   0.24285792 -0.9089884   0.33830703],2->0
0.30146596170811146,0.6190954773869347,0.7819520088202916,-12.684845246411326,[ 0.02833465 -0.27479676  0.78982758  0.54759134],-21.98700821837957,[-0.00972586  0.11462645 -0.53849774  0.83473731],1->0
0.3173325912716963,0.607035175879397,0.786265275821459,-12.340897919334166,[ 0.03114143 -0.28665219  0.76791754  0.57198198],-21.65889241024466,[-0.01122429  0.12609516 -0.56154258  0.81770652],1->0
0.3173325912716963,0.11658291457286434,0.0007222133903241589,10.414254776055923,[9.98153312e-01 6.06426667e-02 3.51033937e-03 3.30909382e-04],1.15390740511153,[-0.00192649  0.02011283  0.10662234  0.99409428],3->2
0.3173325912716963,0.03618090452261307,0.07435222041188587,4.273850867905292,[-8.24908567e-05  8.67904935e-04  2.61694133e-02  9.99657142e-01],-5.140632901224999,[ 0.02132539 -0.95795066 -0.2860184   0.00832096],2->1
0.3173325912716963,0.4180904522613066,0.630320513666731,0.6019127608245723,[-0.13599372  0.93684542  0.31081918  0.0849577 ],-8.62899580139242,[ 0.02622544 -0.25721169  0.57446173  0.7766261 ],2->1
0.3173325912716963,0.08844221105527639,0.6419444432278565,2.231462886911359,[-7.97924580e-04  8.35691865e-03  7.38802029e-02  9.97231789e-01],-7.163265633117155,[-0.01158081  0.28391857 -0.95633109  0.06846153],2->0
0.3173325912716963,0.2733668341708543,0.47492712459463227,-1.4648500134122708,[ 0.10540121 -0.92157302 -0.32677246 -0.18114503],-10.777941075108037,[-0.01912661  0.25337614 -0.90696686  0.33592533],2->0
0.3331992208352811,0.5909547738693468,0.7914025194662694,-11.92137061482158,[ 0.03397846 -0.29790235  0.74294712  0.598439  ],-21.18206468179421,[-0.01292303  0.13884305 -0.58643961  0.79789986],1->0
0.3331992208352811,0.2693467336683417,0.4328970997051028,-1.4680123036995192,[ 0.10861534 -0.90863226 -0.34445712 -0.20961732],-10.777371344505674,[-0.02072526  0.26372444 -0.90498009  0.33321303],2->0
0.3331992208352811,0.09246231155778896,0.6291241520420534,2.101422125981656,[-0.00104759  0.01039916  0.08184433  0.99659032],-7.252905237524414,[-0.01300151  0.29495969 -0.9524628   0.07512889],2->0
0.3331992208352811,0.11658291457286434,0.0008593825840332431,10.394792190775831,[9.97966127e-01 6.36277918e-02 3.86859669e-03 3.84070481e-04],1.1879500862332675,[-0.00220821  0.0218537   0.11157495  0.99351325],3->2
0.3331992208352811,0.03618090452261307,0.08052381939899805,4.28225689639579,[-9.53485300e-05  9.51715366e-04  2.74167565e-02  9.99623632e-01],-5.134884355481788,[ 0.02229434 -0.95439584 -0.29757223  0.00907232],2->1
0.3331992208352811,0.42211055276381915,0.6413032784748497,0.7095883621200629,[-0.14312576  0.93010604  0.32531439  0.09267315],-8.580985641871768,[ 0.02931406 -0.27187282  0.56935123  0.77528385],2->1
0.3490658503988659,0.11658291457286434,0.0010124605925188135,10.374399664005963,[9.97770230e-01 6.66060149e-02 4.24402832e-03 4.42810656e-04],1.2235105183968646,[-0.00251299  0.02362267  0.11646935  0.99291014],3->2
0.3490658503988659,0.03618090452261307,0.08677622981763435,4.291052588536184,[-1.09456610e-04  1.03861997e-03  2.86552983e-02  9.99588807e-01],-5.128975962891269,[ 0.02325176 -0.95078367 -0.308825    0.00984357],2->1
0.3490658503988659,0.42211055276381915,0.6442543526171916,0.7622774412671427,[-0.14952979  0.92297096  0.33977614  0.10157574],-8.440884576516506,[ 0.03244989 -0.28562777  0.5572909   0.77896767],2->1
0.3490658503988659,0.09246231155778896,0.6198688052946925,2.12758745737508,[-0.00119669  0.01128692  0.08546374  0.99627663],-7.274457246452777,[-0.0141011   0.30593769 -0.94875404  0.07790417],2->0
0.3490658503988659,0.26532663316582916,0.38717582471475337,-1.4648634812720263,[ 0.11137672 -0.8932707  -0.36215743 -0.24187742],-10.774509191424034,[-0.02235569  0.27390571 -0.90301404  0.33021437],2->0
0.3490658503988659,0.5788944723618091,0.796610170856102,-11.565846502470798,[ 0.03700226 -0.30926923  0.71957963  0.62063559],-20.86685857340761,[-0.01465301  0.15086654 -0.60714984  0.77999593],1->0
0.3649324799624507,0.09648241206030152,0.6057583280926762,2.0045425781372774,[-0.00154351  0.01384959  0.09406098  0.9954689 ],-7.369071719109054,[-0.01565488  0.31626599 -0.94473932  0.08484322],2->0
0.3649324799624507,0.2613065326633166,0.33787689309340113,-1.454270979787618,[ 0.11358909 -0.87493949 -0.3796853  -0.27823998],-10.76930148778054,[-0.02401428  0.28392267 -0.90105713  0.32696679],2->0
0.3649324799624507,0.5628140703517589,0.8028738067293165,-11.13354900903844,[ 0.0400409  -0.32003987  0.69289081  0.64488257],-20.404438010141615,[-0.01659213  0.16420906 -0.62970115  0.75910246],1->0
0.3649324799624507,0.4261306532663317,0.6541245335261179,0.8760871076109383,[-0.15663795  0.91551944  0.35387732  0.10981603],-8.393748447016584,[ 0.03589952 -0.30009186  0.55084078  0.77796564],2->1
0.3649324799624507,0.11658291457286434,0.0011819527332308539,10.353079976573571,[9.97565680e-01 6.95770020e-02 4.63659387e-03 5.07451706e-04],1.260567978700493,[-0.00284108  0.02541354  0.12130246  0.99228614],3->2
0.3649324799624507,0.03618090452261307,0.09309276468294754,4.300235085486599,[-1.24868904e-04  1.12848652e-03  2.98846538e-02  9.99552709e-01],-5.12292010221491,[ 0.02419757 -0.94712318 -0.31977976  0.0106331 ],2->1
0.3807991095260356,0.11658291457286434,0.001368257535199749,10.330836039173203,[9.97352540e-01 7.25404181e-02 5.04625173e-03 5.78324507e-04],1.2991008162329978,[-0.0031927   0.0272202   0.12607125  0.99164253],3->2
0.3807991095260356,0.03618090452261307,0.09945793055396221,4.309801407686511,[-1.41638696e-04  1.22117881e-03  3.11044423e-02  9.99515384e-01],-5.116728945344485,[ 0.02513168 -0.94342285 -0.33044041  0.01143936],2->1
0.3807991095260356,0.4261306532663317,0.6568643070180094,0.9347843329418764,[-0.1629466   0.90764758  0.36793805  0.11935606],-8.256894651413038,[ 0.03939874 -0.31378318  0.53804253  0.78134377],2->1
0.3807991095260356,0.10050251256281408,0.5906996897845409,1.8862889780559857,[-0.00197211  0.01685997  0.10314031  0.99452196],-7.467034901798867,[-0.01727977  0.32621815 -0.94064936  0.09198867],2->0
0.3807991095260356,0.25728643216080405,0.28556116528680675,-1.4349051772683894,[ 0.1151386  -0.85302651 -0.39674733 -0.31887371],-10.761701764750443,[-0.02569746  0.29377794 -0.89909985  0.32350214],2->0
0.3807991095260356,0.5467336683417086,0.8098443187568184,-10.695236920106074,[ 0.04318146 -0.33063312  0.6653281   0.66794881],-19.9490898433284,[-0.01864684  0.17780555 -0.65103154  0.73769602],1->0
0.3966657390896204,0.5346733668341709,0.8167904691285703,-10.327261588967254,[ 0.04655112 -0.34157644  0.64017876  0.68653455],-19.64925040255052,[-0.02068862  0.19031949 -0.66806745  0.71905241],1->0
0.3966657390896204,0.24924623115577893,0.20787766295506388,-1.4456532649173022,[ 0.11324324 -0.81539947 -0.41472148 -0.38769287],-10.653371562087514,[-0.02734995  0.30481098 -0.89916999  0.31278677],2->0
0.3966657390896204,0.10452261306532665,0.5746586381578981,1.7731345225613415,[-0.0024976   0.02037217  0.11271053  0.99341586],-7.568443280693067,[-0.01897224  0.33579637 -0.93649173  0.09931811],2->0
0.3966657390896204,0.1206030150753769,0.0019102133482659632,10.468528586017703,[9.96973277e-01 7.75293615e-02 5.74537193e-03 6.88241041e-04],1.1958017465734743,[-0.0040089   0.03259876  0.13716166  0.990004  ],3->2
0.3966657390896204,0.03618090452261307,0.10585742444734458,4.319748456462372,[-1.59818788e-04  1.31655692e-03  3.23142881e-02  9.99476877e-01],-5.1104144242067635,[ 0.02605406 -0.93969051 -0.34081168  0.01226082],2->1
0.3966657390896204,0.43015075376884426,0.6658487984176479,1.0548874410358664,[-0.17001805  0.89949233  0.38158397  0.1280667 ],-8.211064840542203,[ 0.04320834 -0.32797628  0.53041772  0.78052652],2->1
0.4125323686532052,0.24522613065326634,0.15217345875288435,-1.3981030197218374,[ 0.11254773 -0.78107815 -0.42885575 -0.43969612],-10.639903638511043,[-0.02906034  0.31436057 -0.89709744  0.30911019],2->0
0.4125323686532052,0.5185929648241207,0.8253096791907805,-9.880778505528019,[ 0.04992909 -0.3520428   0.61124127  0.70707642],-19.20464224220693,[-0.02294246  0.20420396 -0.68690341  0.6970926 ],1->0
0.4125323686532052,0.1085427135678392,0.5576038530770692,1.665398713628428,[-0.00313704  0.02444248  0.12277994  0.99212792],-7.673382713209835,[-0.02072863  0.34500443 -0.93227379  0.10680753],2->0
0.4125323686532052,0.1206030150753769,0.002174876120678202,10.443800577844907,[9.96730256e-01 8.05581040e-02 6.21162454e-03 7.76827826e-04],1.2392011964664476,[-0.00445314  0.0346088   0.14200562  0.98925063],3->2
0.4125323686532052,0.03618090452261307,0.11227811546853868,4.3300730156929035,[-1.79461547e-04  1.41447743e-03  3.35138203e-02  9.99437237e-01],-5.1039882031906165,[ 0.02696467 -0.9359334  -0.35089893  0.01309603],2->1
0.4125323686532052,0.43015075376884426,0.6684434624472352,1.119755011751738,[-0.17621821  0.89088989  0.39517886  0.13818835],-8.077786528000813,[ 0.04707057 -0.34152426  0.51692942  0.78353655],2->1
0.42839899821679,0.1206030150753769,0.002459595282305801,10.418133015666626,[9.96478336e-01 8.35782859e-02 6.69577527e-03 8.73073710e-04],1.2840661272831035,[-0.00492307  0.03661213  0.14677026  0.98848055],3->2
0.42839899821679,0.03618090452261307,0.11870801397974348,4.340771753530332,[-2.00618971e-04  1.51479377e-03  3.47026735e-02  9.99396513e-01],-5.097461656670709,[ 0.02786349 -0.93215818 -0.3607081   0.01394357],2->1
0.42839899821679,0.4341708542713568,0.6767130688381117,1.2462802780214852,[ 0.18324139 -0.88204656 -0.40830865 -0.14731092],-8.033642882343964,[ 0.05123541 -0.35537009  0.50826344  0.78278689],2->1
0.42839899821679,0.11256281407035176,0.5395090982652129,1.5634132190345724,[-0.00390948  0.02912836  0.13335599  0.99063234],-7.781927651880501,[-0.02254524  0.35384762 -0.9280027   0.11443153],2->0
0.42839899821679,0.2412060301507538,0.10133831017420956,-1.3359159783433006,[ 0.11078294 -0.74151014 -0.44047879 -0.49383023],-10.623957077026882,[-0.03078354  0.32375377 -0.89500905  0.30527801],2->0
0.42839899821679,0.49849246231155786,0.8359832450616508,-9.352317477039954,[-0.05330969  0.36213871 -0.57786967 -0.72943833],-18.619372471991802,[-0.02541789  0.21958854 -0.70743854  0.67131626],1->0
0.4442656277803748,0.4824120603015076,0.8468630557604793,-8.898277823839468,[-0.05697233  0.37289212 -0.54719751 -0.74718171],-18.186189074403853,[-0.02784292  0.23368629 -0.72369975  0.64874815],1->0
0.4442656277803748,0.23316582914572867,0.037929759089193035,-1.269455158420479,[ 0.10302388 -0.67086208 -0.44650036 -0.58306739],-10.505139150512854,[-0.03241714  0.33433149 -0.89461578  0.29467642],2->0
0.4442656277803748,0.11658291457286434,0.5203559483306496,1.4675222513233712,[-0.00483594  0.03448713  0.14444465  0.98889989],-7.8941404509886,[-0.02441834  0.36233273 -0.92368545  0.12216355],2->0
0.4442656277803748,0.03618090452261307,0.12513623091304996,4.351841224175747,[-2.23342752e-04  1.61735640e-03  3.58804872e-02  9.99354754e-01],-5.090845851180729,[ 0.02875051 -0.9283709  -0.37024556  0.01480207],2->1
0.4442656277803748,0.1206030150753769,0.0027641925477288813,10.391529385344558,[9.96217588e-01 8.65895705e-02 7.19778597e-03 9.77374303e-04],1.3303692980102755,[-0.00541854  0.03860253  0.15145257  0.9876956 ],3->2
0.4442656277803748,0.4341708542713568,0.6792107854129059,1.31745050611048,[-0.1893213   0.87272778  0.42137249  0.15795218],-7.904239255350978,[ 0.05545619 -0.36869121  0.49413094  0.78538272],2->1
0.4601322573439596,0.12462311557788947,0.003722091696104573,10.522284958982176,[0.99573321 0.09191662 0.00808765 0.00114203],1.2440966298756526,[-0.00664149  0.04531914  0.16347397  0.9854838 ],3->2
0.4601322573439596,0.03618090452261307,0.131552929587291,4.363277869706734,[-2.47684368e-04  1.72201315e-03  3.70469065e-02  9.99312013e-01],-5.084151531782641,[ 0.02962573 -0.92457709 -0.37951808  0.01567022],2->1
0.4601322573439596,0.4381909547738694,0.6868978687130198,1.4504901931474905,[ 0.19628646 -0.86321926 -0.43392738 -0.16742512],-7.862113054036383,[ 0.05996783 -0.38211321  0.4845388   0.78461169],2->1
0.4601322573439596,0.12462311557788947,0.49022607324571055,1.2440966298756526,[-0.00664149  0.04531914  0.16347397  0.9854838 ],-8.093699870145763,[-0.02682698  0.36978376 -0.91883223  0.13523175],2->0
0.4601322573439596,0.2291457286432161,0.01319467705671329,-1.1654797246649937,[-0.09874316  0.6203073   0.44941108  0.63521518],-10.483234798453475,[-0.03413978  0.34342481 -0.89240546  0.29069979],2->0
0.4601322573439596,0.46633165829145734,0.8591017183390717,-8.442626220085765,[-0.06081614  0.38399214 -0.515742   -0.76345375],-17.757028267097102,[-0.03033236  0.24779795 -0.73871477  0.62608036],1->0
0.47599888690754444,0.22110552763819097,0.00023858491882976647,-1.0282366879811609,[-0.08774553  0.53552765  0.44065207  0.71507804],-10.357358424578278,[-0.03572095  0.35369287 -0.89168609  0.28021649],2->0
0.47599888690754444,0.13266331658291458,0.45631538893556584,1.0355335936505343,[-0.00901576  0.05888857  0.18413773  0.98109334],-8.301574985681661,[-0.02927901  0.37675514 -0.91384174  0.14863234],2->0
0.47599888690754444,0.4462311557788945,0.8749274070579889,-7.903683815566164,[ 0.06475885 -0.39542761  0.47898231  0.78103729],-17.19057362582185,[-0.03301062  0.26341504 -0.75524913  0.59926753],1->0
0.47599888690754444,0.03618090452261307,0.1379492721173131,4.375078021955377,[-2.73695167e-04  1.82860945e-03  3.82015823e-02  9.99268343e-01],-5.07738911218389,[ 0.03048915 -0.92078171 -0.38853269  0.01654676],2->1
0.47599888690754444,0.12462311557788947,0.004128005021536513,10.493087791133114,[0.99543986 0.09498956 0.00865176 0.00126955],1.2954635883573844,[-0.00724434  0.04744039  0.16817158  0.98458887],3->2
0.47599888690754444,0.4381909547738694,0.6893353761789509,1.5280588712446401,[-0.20223626  0.85320673  0.44639649  0.17851872],-7.73684977066293,[ 0.0645385  -0.39512238  0.46981039  0.78675999],2->1
0.49186551647112925,0.2090452261306533,0.03453859245825563,-0.8044133222664179,[-0.07009769  0.41740844  0.41212405  0.80685208],-10.127011495401794,[-0.03706417  0.3650808  -0.89211242  0.26358619],2->0
0.49186551647112925,0.14070351758793972,0.41833300674607715,0.8435862842137796,[-0.01210405  0.07569517  0.20653942  0.97543078],-8.517997680663129,[-0.03176547  0.38325699 -0.90871933  0.16227822],2->0
0.49186551647112925,0.43015075376884426,0.8909737460965782,-7.44697675452529,[ 0.06909165 -0.40794291  0.44546849  0.79395639],-16.769282998473503,[-0.03558573  0.27747461 -0.76776327  0.57643824],1->0
0.49186551647112925,0.03618090452261307,0.1443173622294225,4.387237904434645,[-3.01426483e-04  1.93698863e-03  3.93441710e-02  9.99223795e-01],-5.07056866816857,[ 0.03134078 -0.91698926 -0.39729664  0.01743048],2->1
0.49186551647112925,0.4381909547738694,0.6918359405815784,1.6088234751550023,[ 0.20809768 -0.84284274 -0.45854736 -0.18985728],-7.614120056852846,[ 0.06928298 -0.4079846   0.45483964  0.78858692],2->1
0.49186551647112925,0.12462311557788947,0.004554605734195896,10.462941610109823,[0.99513739 0.09805261 0.0092346  0.00140686],1.3482334524386237,[-0.00787351  0.04952288  0.17277065  0.9836848 ],3->2
0.5077321460347141,0.12864321608040202,0.005981873421172273,10.588065536788646,[0.99456084 0.10363493 0.01029058 0.00162561],1.2766196644396286,[-0.00949611  0.05732807  0.18547685  0.98092897],3->2
0.5077321460347141,0.03618090452261307,0.1506501860279799,4.399753634311166,[-3.30929755e-04  2.04699217e-03  4.04743353e-02  9.99178427e-01],-5.063699933930137,[ 0.03218063 -0.91320374 -0.40581733  0.01832021],2->1
0.5077321460347141,0.44221105527638194,0.698951837438239,1.751684432862171,[ 0.21494816 -0.83238722 -0.47013564 -0.19975303],-7.57613024754374,[ 0.07429278 -0.42065872  0.44412462  0.78757866],2->1
0.5077321460347141,0.1648241206030151,0.30187102492678725,0.2206585536181769,[-0.0243278   0.14447608  0.27320642  0.95073291],-9.115894743184896,[-0.03586276  0.38533759 -0.90029607  0.19923801],2->0
0.5077321460347141,0.18492462311557792,0.18190195884841923,-0.27193620708329463,[-0.0406282   0.23798327  0.33554068  0.91056343],-9.59670183496341,[ 0.03747406 -0.37983123  0.89547026 -0.2290348 ],2->0
0.5077321460347141,0.4100502512562815,0.9122650252736844,-6.90715157232983,[ 0.07368987 -0.42177777  0.40569617  0.80751714],-16.213161028840513,[ 0.03830827 -0.2930282   0.78165736 -0.54925287],1->0
0.5235987755982989,0.3899497487437186,0.9375871056472761,-6.369138547700065,[ 0.07879274 -0.4377409   0.36372481  0.81846128],-15.662419790461593,[-0.04101415  0.30849986 -0.79421232  0.52189316],1->0
0.5235987755982989,0.44221105527638194,0.7014225946999372,1.8389181766802876,[ 0.22066889 -0.82137766 -0.48160104 -0.21143419],-7.457874837621086,[ 0.07936686 -0.43308085  0.42863075  0.78893445],2->1
0.5235987755982989,0.03618090452261307,0.15694155200368934,4.4126212244223275,[-3.62256661e-04  2.15846000e-03  4.15917435e-02  9.99132292e-01],-5.056792300919027,[ 0.0330087  -0.9094287  -0.41410224  0.01921483],2->1
0.5235987755982989,0.12864321608040202,0.006524516418531382,10.555241200756724,[0.99422337 0.10675672 0.01094042 0.00179135],1.3345755981264016,[-0.01024193  0.05946537  0.19003469  0.97992132],3->2
0.5394654051618837,0.12864321608040202,0.007085861315517888,10.521456883143653,[0.99387646 0.10986768 0.01160993 0.00196894],1.3938764320919939,[-0.01101368  0.06153717  0.19447757  0.97891284],3->2
0.5394654051618837,0.03618090452261307,0.16318603133947954,4.425836585335598,[-3.95459278e-04  2.27123071e-03  4.26960705e-02  9.99085447e-01],-5.049854818847525,[ 0.03382501 -0.90566727 -0.42215888  0.02011328],2->1
0.5394654051618837,0.44221105527638194,0.7039537644430524,1.9293693836157,[ 0.22629662 -0.8100437  -0.49270218 -0.22330162],-7.342313577966033,[ 0.0846028  -0.44529009  0.41292289  0.78997075],2->1
0.5394654051618837,0.3738693467336684,0.9631527066520377,-5.922646697985648,[ 0.08445495 -0.45535104  0.32515295  0.82449884],-15.249672153749021,[-0.04357357  0.32222857 -0.80318163  0.49916868],1->0
0.5553320347254685,0.13266331658291458,0.009091861440229295,10.640710287075668,[0.993199   0.11569618 0.01284767 0.00225415],1.3378329007328829,[-0.01308942  0.07029199  0.20772605  0.97557039],3->2
0.5553320347254685,0.03618090452261307,0.1693788993582384,4.439395527447946,[-4.30590247e-04  2.38514189e-03  4.37869974e-02  9.99037950e-01],-5.0428961985247245,[ 0.03462957 -0.90192222 -0.42999476  0.02101452],2->1
0.5553320347254685,0.44221105527638194,0.7065425126309791,2.023035867932502,[ 0.2318304  -0.79839611 -0.50342432 -0.23533441],-7.229494131622292,[ 0.08999567 -0.45726446  0.39701128  0.79069086],2->1
0.5553320347254685,0.35376884422110555,0.998512669533999,-5.397991170254761,[ 0.09098226 -0.47749764  0.2774611   0.8286939 ],-14.706187233472553,[-0.04617631  0.33740624 -0.81328988  0.47178845],1->0
0.5711986642890533,0.3376884422110553,1.0337742605609268,-4.972313594077978,[ 0.09820147 -0.50168988  0.2328591   0.82730911],-14.29637289098727,[-0.04861432  0.35077877 -0.82017462  0.44933784],1->0
0.5711986642890533,0.13266331658291458,0.009774527935760165,10.60416987255905,[0.99281459 0.11886309 0.01358942 0.00246633],1.4023677118907873,[-0.01398279  0.07232778  0.21206485  0.97447508],3->2
0.5711986642890533,0.03618090452261307,0.17551607876933337,4.453293763123159,[-4.67702969e-04  2.50003033e-03  4.48642117e-02  9.98989857e-01],-5.035924816225209,[ 0.03542237 -0.89819593 -0.43761734  0.02191758],2->1
0.5711986642890533,0.44221105527638194,0.7091867629874393,2.119908593538044,[ 0.23726975 -0.7864468  -0.5137536  -0.2475111 ],-7.119457117968237,[ 0.09553999 -0.46898239  0.38090787  0.79109849],2->1
0.5870652938526382,0.3216080402010051,1.0741363029304747,-4.563183274693449,[ 0.1063791  -0.53000266  0.1842945   0.82086309],-13.886793266719504,[-0.05096501  0.36394984 -0.82616377  0.42707905],1->0
0.5870652938526382,0.44221105527638194,0.7118851091305246,2.219971415956753,[ 0.24261474 -0.77420871 -0.52367717 -0.25980992],-7.012235957452183,[ 0.10122975 -0.48042291  0.36462609  0.79119794],2->1
0.5870652938526382,0.13266331658291458,0.01047077865432438,10.56666055890996,[0.99242044 0.12201822 0.01435189 0.00269283],1.468166307920814,[-0.01490072  0.07427317  0.21627346  0.97338957],3->2
0.5870652938526382,0.03618090452261307,0.18159408520832462,4.467526908864882,[-5.06851815e-04  2.61573233e-03  4.59274076e-02  9.98941227e-01],-5.028948719326026,[ 0.03620342 -0.89449048 -0.44503402  0.02282152],2->1
0.6029319234162229,0.13668341708542714,0.013141788671270548,10.679823569404485,[0.99163288 0.12808439 0.01578796 0.00305914],1.4284164006500892,[-0.01746965  0.08376019  0.22988505  0.96944928],3->2
0.6029319234162229,0.03618090452261307,0.18760997542500044,4.482090487523157,[-5.48092364e-04  2.73208390e-03  4.69762860e-02  9.98892118e-01],-5.021975632975213,[ 0.03697271 -0.89080761 -0.45225207  0.02372543],2->1
0.6029319234162229,0.44221105527638194,0.7146367418130928,2.3232008878688206,[ 0.24786601 -0.76169572 -0.53318329 -0.27220884],-6.907856774489319,[ 0.10705853 -0.49156581  0.34818076  0.79099411],2->1
0.6029319234162229,0.3055276381909548,1.1194207365269375,-4.176492216481399,[ 0.11564162 -0.56315466  0.13077956  0.80770078],-13.477174230225632,[-0.05320318  0.37690738 -0.83130984  0.40501135],1->0
0.6187985529798078,0.44221105527638194,0.7174413886982729,2.4295661310276118,[ 0.25302476 -0.74892255 -0.54226144 -0.28468582],-6.806338363006635,[ 0.11301946 -0.50239186  0.33158779  0.79049261],2->1
0.6187985529798078,0.13668341708542714,0.0139522832991512,10.63948711510339,[0.99119858 0.13129284 0.01662834 0.00332759],1.4994141869756348,[-0.01850983  0.08557221  0.23392455  0.96830475],3->2
0.6187985529798078,0.03618090452261307,0.19356129835818725,4.4969799305321505,[-5.91481661e-04  2.84892102e-03  4.80105545e-02  9.98842590e-01],-5.015012967583559,[ 0.03773024 -0.88714881 -0.45927863  0.02462846],2->1
0.6187985529798078,0.2934673366834171,1.157052764400349,-3.8948157177904608,[ 0.12489824 -0.5944967   0.08279437  0.79001215],-13.193546373205095,[-0.05533531  0.38807753 -0.83405061  0.3881925 ],1->0
0.6346651825433925,0.285427135678392,1.1829969203514217,-3.7088462833490783,[ 0.13344044 -0.62027236  0.04362787  0.77172045],-13.033674443584749,[-0.05743358  0.39751383 -0.83476766  0.37662593],1->0
0.6346651825433925,0.44221105527638194,0.7202992646013366,2.5390287757451637,[ 0.25809279 -0.73590459 -0.5509024  -0.29721894],-6.707692217262631,[ 0.11910535 -0.51288289  0.3148641   0.78969973],2->1
0.6346651825433925,0.03618090452261307,0.19944604923903422,4.512190580176886,[-6.37078507e-04  2.96607991e-03  4.90299277e-02  9.98792703e-01],-5.0080678269571255,[ 0.038476   -0.8835153  -0.46612073  0.02552978],2->1
0.6346651825433925,0.14070351758793972,0.017239125470772998,10.748264218418242,[0.99032361 0.13752467 0.01821962 0.0037615 ],1.47245151985579,[-0.02149727  0.09561505  0.24777135  0.96384905],3->2
0.6505318121069774,0.14070351758793972,0.018151450278632172,10.70504727241926,[0.98984678 0.14078452 0.01914282 0.00407814],1.5486045285142052,[-0.02265833  0.09721402  0.25158937  0.96267275],3->2
0.6505318121069774,0.03618090452261307,0.20526262678601967,4.527717691886617,[-6.84943783e-04  3.08339723e-03  5.00341272e-02  9.98742514e-01],-5.001147016911705,[ 0.03920996 -0.8799081  -0.4727852   0.02642859],2->1
0.6505318121069774,0.44221105527638194,0.7232110305242396,2.651542967442443,[ 0.26307252 -0.72265775 -0.55909831 -0.30978654],-6.611922628701564,[ 0.12530872 -0.52302202  0.29802733  0.78862247],2->1
0.6505318121069774,0.2733668341708543,1.217256723921572,-3.476092701899882,[ 0.1433     -0.65413475 -0.00966594  0.74261659],-12.744425281324636,[-0.05939972  0.40832486 -0.83663935  0.36024587],1->0
0.6663984416705622,0.14472361809045228,0.022086155194497074,10.809350516554046,[0.98887864 0.14717742 0.02089931 0.00458943],1.5347373742541692,[-0.02607673  0.1076369   0.26554142  0.95771711],3->2
0.6663984416705622,0.040201005025125636,0.2154534110644465,4.417669213506407,[-9.31038691e-04  4.04787946e-03  5.71666725e-02  9.98356008e-01],-4.918042630826419,[ 0.04415768 -0.87629303 -0.47874748  0.03100762],2->1
0.6663984416705622,0.44221105527638194,0.7261777601213233,2.767055438070275,[ 0.26796696 -0.70919837 -0.56684269 -0.32236742],-6.519026847784509,[ 0.13162188 -0.53279373  0.28109569  0.78726853],2->1
0.6663984416705622,0.2693467336683417,1.2269870376182643,-3.3899462766274526,[ 0.15051264 -0.67084156 -0.03776842  0.72518349],-12.70419371593738,[-0.06148619  0.41593576 -0.83539592  0.35402055],1->0
0.682265071234147,0.14472361809045228,0.02307890828628781,10.763204091410293,[0.98835672 0.15048687 0.02191062 0.0049614 ],1.6159471046301994,[-0.02735502  0.10894534  0.2690878   0.95654293],3->2
0.682265071234147,0.040201005025125636,0.2212426732187449,4.435751901698876,[-9.97230426e-04  4.19396082e-03  5.82500195e-02  9.98292718e-01],-4.9105801749035445,[ 0.04495123 -0.87273834 -0.48505901  0.03201441],2->1
0.682265071234147,0.44221105527638194,0.7292009124823052,2.88550563858792,[ 0.27277973 -0.69554294 -0.57413047 -0.33494094],-6.4289953080319755,[ 0.13803696 -0.54218398  0.26408778  0.78564622],2->1
0.682265071234147,0.2613065326633166,1.243137084769662,-3.2587332279608754,[ 0.15866801 -0.69455102 -0.0790879   0.6972578 ],-12.53455411093228,[-0.06342448  0.42492332 -0.83534343  0.34295608],1->0
0.6981317007977318,0.25728643216080405,1.2474662316943528,-3.193195264156246,[ 0.16528443 -0.70822955 -0.10616243  0.6781014 ],-12.488276819571533,[-0.0654653   0.43229345 -0.83386395  0.33690885],1->0
0.6981317007977318,0.4381909547738694,0.7289764637047306,2.9481587548411095,[ 0.27587434 -0.68104092 -0.58098115 -0.35005359],-6.270062617451823,[ 0.14453158 -0.55192551  0.24291756  0.78452528],2->1
0.6981317007977318,0.14874371859296484,0.027665325529479114,10.862954029476414,[0.98728928 0.15703653 0.02384292 0.00556114],1.6153556211200844,[-0.03120727  0.11954906  0.28300599  0.95112656],3->2
0.6981317007977318,0.040201005025125636,0.22695901061852355,4.454170130331176,[-0.00106648  0.00433945  0.05931509  0.99822931],-4.903167495843733,[ 0.04573203 -0.86921146 -0.49121279  0.03301546],2->1
0.7139983303613167,0.14874371859296484,0.028709401559605188,10.81383369130365,[0.98671952 0.16039393 0.02494811 0.00599665],1.7014707933422992,[-0.03259769  0.12049682  0.28623562  0.9499932 ],3->2
0.7139983303613167,0.040201005025125636,0.23260206093527125,4.472918095886128,[-0.00113888  0.00448413  0.0603616   0.99816585],-4.895810763888757,[-0.04650005  0.86571263  0.49721495 -0.03401   ],2->1
0.7139983303613167,0.4381909547738694,0.7321890280398474,3.072338208708189,[ 0.2804871  -0.66701805 -0.58731103 -0.36260124],-6.186626332797678,[ 0.1511286  -0.56055008  0.22583526  0.78226734],2->1
0.7139983303613167,0.2532663316582915,1.2497855729850798,-3.135089953484856,[ 0.17157655 -0.72042169 -0.13245015  0.65879514],-12.439274837657745,[-0.06748902  0.43955354 -0.83230647  0.33091368],1->0
0.7298649599249014,0.1527638190954774,0.03392123998421316,10.90895973477347,[0.9855462  0.16709632 0.02706755 0.00669747],1.7141970556692394,[-0.03687783  0.13107116  0.29997892  0.94417849],3->2
0.7298649599249014,0.040201005025125636,0.23817170280330194,4.491989912025603,[-0.00121452  0.00462782  0.0613893   0.99810243],-4.888515865650005,[-0.04725522  0.86224199  0.50307145 -0.0349973 ],2->1
0.7298649599249014,0.4381909547738694,0.7354609037162844,3.199235325468519,[ 0.28503255 -0.65285154 -0.59317539 -0.37507903],-6.105988360621724,[ 0.15780244 -0.56875596  0.20873369  0.77977259],2->1
0.7298649599249014,0.24924623115577893,1.2503075181506487,-3.0839424097763275,[ 0.17752016 -0.73116333 -0.15786112  0.639505  ],-12.387560126859123,[-0.06949277  0.44670496 -0.8306747   0.32496918],1->0
0.7457315894884863,0.15678391959798996,0.039691245298914504,11.001427702245012,[0.9843009  0.1738879  0.02930929 0.00746336],1.7364106171915,[-0.0414893   0.1417302   0.31362819  0.93799176],3->2
0.7457315894884863,0.040201005025125636,0.24366802987117697,4.511379612494566,[-0.0012935   0.0047703   0.0623979   0.99803911],-4.881288414721964,[-0.04799749  0.85879955  0.50878803 -0.03597667],2->1
0.7457315894884863,0.4341708542713568,0.735646855331565,3.2704064183966763,[ 0.28769932 -0.63778    -0.59847765 -0.39024386],-5.959067374572769,[ 0.16454113 -0.57741183  0.18751237  0.77740653],2->1
0.7457315894884863,0.24522613065326634,1.2492652583808919,-3.039268324348955,[ 0.1830996  -0.74051677 -0.18233473  0.62037367],-12.333146393824176,[-0.07147362  0.45374907 -0.82897229  0.31907406],1->0
0.7615982190520711,0.2412060301507538,1.2468970056435191,-3.000587842631631,[ 0.18830646 -0.74856349 -0.20583691  0.60151854],-12.276049088194151,[-0.07342859  0.46068725 -0.8272027   0.31322706],1->0
0.7615982190520711,0.4341708542713568,0.7391083557630861,3.4025432720796736,[ 0.2920783  -0.62335847 -0.6033721  -0.40256254],-5.884852230139719,[ 0.17134262 -0.58477875  0.17045393  0.77435198],2->1
0.7615982190520711,0.16080402010050254,0.04599845200095828,11.091227059115292,[0.98298066 0.18076689 0.03167778 0.00829926],1.76813442358185,[-0.04642353  0.15235614  0.32710584  0.93146886],3->2
0.7615982190520711,0.040201005025125636,0.2490913273384828,4.531081154033565,[-0.00137592  0.00491139  0.06338717  0.99797598],-4.8741337621519785,[-0.04872679  0.85538519  0.51437026 -0.03694744],2->1
0.7774648486156559,0.16080402010050254,0.0470590150961293,11.035024129767754,[0.98227604 0.18428957 0.03304075 0.00891278],1.866327271632226,[-0.04808296  0.15220126  0.32952603  0.9305565 ],3->2
0.7774648486156559,0.040201005025125636,0.2544420508265096,4.551088419296624,[-0.0014619   0.00505089  0.06435687  0.99791309],-4.867057006723747,[-0.04944304  0.85199873  0.51982348 -0.03790896],2->1
0.7774648486156559,0.43015075376884426,0.7395649800071074,3.479041287267906,[ 0.29446243 -0.607991   -0.60760985 -0.41767104],-5.746116152212962,[ 0.17819436 -0.59266143  0.14928355  0.77117678],2->1
0.7774648486156559,0.23718592964824123,1.2434336183264314,-2.967436660554591,[ 0.19313815 -0.75539732 -0.22835616  0.58303174],-12.21628540313217,[-0.07535468  0.46752087 -0.82536934  0.307427  ],1->0
0.7933314781792408,0.1648241206030151,0.05382664166686308,11.120091567708382,[0.98083267 0.19131251 0.03562478 0.00988309],1.9110535208595971,[-0.05340147  0.16227865  0.34249813  0.92385548],3->2
0.7933314781792408,0.040201005025125636,0.2597208074337057,4.571395219771618,[-0.00155156  0.00518862  0.06530675  0.99785054],-4.860063005020801,[-0.05014618  0.84863988  0.52515289 -0.03886063],2->1
0.7933314781792408,0.43015075376884426,0.7432199031123582,3.6160218996875497,[ 0.29870393 -0.59338957 -0.61154042 -0.42974771],-5.678139246649111,[ 0.18508681 -0.59915508  0.13234716  0.76761989],2->1
0.7933314781792408,0.23718592964824123,1.2376283732994007,-2.963567646200858,[ 0.19767975 -0.75541259 -0.23789233  0.57765195],-12.284343289564475,[-0.07757339  0.47288312 -0.82256129  0.30619741],1->0
0.8091981077428255,0.23316582914572867,1.2333506191025807,-2.9365805551207327,[ 0.20199059 -0.76052913 -0.25888047  0.56015725],-12.219820845041253,[-0.07946509  0.47952944 -0.82065187  0.30044521],1->0
0.8091981077428255,0.16884422110552766,0.06101775910549241,11.202465080152912,[0.97930573 0.19841873 0.03834887 0.01093924],1.9650365258247264,[-0.0590102   0.17205681  0.35513498  0.91694787],3->2
0.8091981077428255,0.040201005025125636,0.26492833883208794,4.591995298700171,[-0.00164503  0.00532437  0.06623659  0.99778838],-4.853156381243629,[-0.05083611  0.84530829  0.53036346 -0.03980186],2->1
0.8091981077428255,0.4261306532663317,0.7439439549544404,3.697448492908561,[ 0.30083465 -0.57781256 -0.61471454 -0.44469899],-5.547431551456919,[ 0.19200825 -0.60621948  0.11131462  0.7637014 ],2->1
0.8250647373064104,0.2291457286432161,1.2284690713337512,-2.9140495577133265,[ 0.2059423  -0.76471578 -0.27895654  0.54312134],-12.152684939731934,[ 0.08132023 -0.48607541  0.81868594 -0.29473895],1->0
0.8250647373064104,0.4261306532663317,0.747800464138188,3.8388247857338254,[ 0.30497282 -0.56310166 -0.61769882 -0.4564606 ],-5.485455180984335,[ 0.19895658 -0.61182033  0.09457556  0.75970233],2->1
0.8250647373064104,0.17286432160804022,0.06857216703524542,11.282143391575062,[0.97769159 0.20560664 0.04121827 0.0120877 ],2.0281173328078874,[-0.06489194  0.18143012  0.36737433  0.90989464],3->2
0.8250647373064104,0.040201005025125636,0.2700655062683533,4.612882333994192,[-0.00174246  0.00545798  0.06714619  0.9977267 ],-4.846341536760695,[-0.05151275  0.84200352  0.53546    -0.04073209],2->1
0.8409313668699951,0.17688442211055277,0.07642248595616542,11.359128049992172,[0.97598642 0.21287468 0.0442385  0.01333547],2.1000889744447293,[-0.07102849  0.19030241  0.3791617   0.90276041],3->2
0.8409313668699951,0.040201005025125636,0.2751332773428402,4.634049941146176,[-0.001844    0.00558925  0.06803533  0.99766555],-4.8396226593788745,[-0.05217601  0.8387251   0.54044711 -0.04165079],2->1
0.8409313668699951,0.42211055276381915,0.7487937462993544,3.9247219674058273,[-0.30688549  0.54739877  0.61982383  0.47116271],-5.3625516908935,[ 0.20590549 -0.61803651  0.07376571  0.75511087],2->1
0.8409313668699951,0.2291457286432161,1.223085278491751,-2.9122325566868668,[ 0.2101734  -0.76342367 -0.2873159   0.53894435],-12.21547712216336,[ 0.08354445 -0.4912065   0.81586137 -0.29343947],1->0
0.85679799643358,0.4180904522613066,0.7499269262164494,4.012791783099866,[-0.30866157  0.53164067  0.62139685  0.48574911],-5.2439622344894135,[ 0.21284957 -0.62384178  0.05307681  0.75013288],2->1
0.85679799643358,0.18090452261306533,0.08449736827709338,11.433423591115833,[0.9741861  0.22022131 0.04741537 0.01469006],2.1807018899861097,[-0.07740162  0.19858936  0.39045138  0.89561095],3->2
0.85679799643358,0.040201005025125636,0.2801327144504114,4.6554916761304534,[-0.00194982  0.00571802  0.06890382  0.99760502],-4.833003732323353,[-0.05282578  0.8354725   0.54532927 -0.04255744],2->1
0.85679799643358,0.22512562814070353,1.2179606492526036,-2.894426194476175,[ 0.21364629 -0.7663543  -0.30606241  0.52285959],-12.14366923907015,[ 0.08535363 -0.49757378  0.81382714 -0.28778547],1->0
0.8726646259971648,0.22512562814070353,1.212987377133649,-2.893300370203041,[ 0.21773022 -0.76450539 -0.31388719  0.51923009],-12.203302924272634,[ 0.08758256 -0.50256443  0.81099879 -0.28642495],1->0
0.8726646259971648,0.41407035175879403,0.7512005160833515,4.102906612780585,[-0.3103112   0.51585024  0.62242331  0.50019467],-5.129627830652525,[ 0.21977642 -0.62923023  0.03253189  0.74478811],2->1
0.8726646259971648,0.18492462311557792,0.09272469985876931,11.50503772405954,[0.97228624 0.22764503 0.05075498 0.01615958],2.2696703447970803,[-0.08399395  0.20621997  0.40120694  0.88851074],3->2
0.8726646259971648,0.040201005025125636,0.2850649647794581,4.677201038292549,[-0.0020601   0.0058441   0.06975146  0.99754515],-4.826488542921002,[-0.05346197  0.83224513  0.55011073 -0.04345156],2->1
0.8885312555607496,0.18894472361809048,0.10103451589787685,11.573981541331964,[0.97028214 0.23514434 0.05426376 0.01775279],2.366679379806099,[-0.09078969  0.21313712  0.41140113  0.88152079],3->2
0.8885312555607496,0.044221105527638194,0.2958144995799384,4.604437265880111,[-0.00268288  0.00734008  0.07814419  0.99691144],-4.737271043940377,[-0.05936404  0.82893219  0.55396624 -0.0496864 ],2->1
0.8885312555607496,0.4100502512562815,0.752615682991751,4.194931310519444,[-0.31184537  0.50004986  0.6229105   0.51447557],-5.0194803435283655,[ 0.22667388 -0.63419791  0.01215337  0.73909692],2->1
0.8885312555607496,0.22110552763819097,1.2078188697868002,-2.8795646813069022,[ 0.22074869 -0.7664115  -0.33143552  0.50401778],-12.126884152286861,[ 0.08933877 -0.50875864  0.80890027 -0.28082661],1->0
0.9043978851243344,0.1969849246231156,0.11773778432574898,11.778863217488919,[-0.96714692 -0.24633832 -0.05953828 -0.01998663],2.458949554469412,[-0.10267206  0.22877513  0.43013887  0.86723754],3->2
0.9043978851243344,0.044221105527638194,0.300700838328647,4.629030280156774,[-0.0028293   0.00748328  0.07902413  0.9968406 ],-4.730526873856425,[-0.06004438  0.82574496  0.55854697 -0.05064787],2->1
0.9043978851243344,0.4100502512562815,0.7571041649440895,4.3451467415472065,[-0.31583394  0.48536586  0.62359437  0.52516565],-4.972576986106747,[ 0.23359609 -0.63754674 -0.00372217  0.7341343 ],2->1
0.9043978851243344,0.22110552763819097,1.2032747594120663,-2.8789145920597496,[ 0.2246978  -0.76411947 -0.33879969  0.50084639],-12.18336229077508,[ 0.09156919 -0.51361504  0.80606585 -0.27941459],1->0
0.9202645146879193,0.20100502512562815,0.12610850811717272,11.841981453524413,[-0.96487075 -0.25400198 -0.06346884 -0.02188895],2.575876329774416,[-0.10992515  0.23374992  0.43883052  0.86064232],3->2
0.9202645146879193,0.044221105527638194,0.30552233986767996,4.65389356157358,[-0.0029819   0.00762233  0.07988003  0.99677088],-4.723907392129601,[-0.06070981  0.82258062  0.5630396  -0.05159323],2->1
0.9202645146879193,0.40603015075376886,0.758809948147054,4.440287946221293,[-0.31726176  0.46963394  0.62311371  0.53899744],-4.869464190379573,[ 0.24041903 -0.64164545 -0.02368035  0.72796226],2->1
0.9202645146879193,0.2170854271356784,1.198192377913979,-2.8687226128517276,[ 0.22728207 -0.76519188 -0.35527007  0.48642309],-12.1024017828424,[ 0.0932654  -0.51964165  0.80390721 -0.27387464],1->0
0.936131144251504,0.2170854271356784,1.1940739060188739,-2.868386498273435,[ 0.23110565 -0.76254542 -0.3622354   0.48363227],-12.155733928308784,[ 0.09549411 -0.52436966  0.80106489 -0.27241948],1->0
0.936131144251504,0.4020100502512563,0.7606668171929757,4.536893965851798,[-0.3186123   0.45394791  0.62212611  0.55260891],-4.770273665412179,[ 0.24718185 -0.64532699 -0.04341564  0.72150488],2->1
0.936131144251504,0.20502512562814074,0.13433779593709458,11.902502423194191,[-0.96247204 -0.2617355  -0.06759159 -0.02394738],2.699576253626457,[-0.11733524  0.23789123  0.44691984  0.85434353],3->2
0.936131144251504,0.044221105527638194,0.31028050287000675,4.679019581260219,[-0.00314103  0.00775703  0.08071174  0.99670235],-4.717415772481299,[-0.06136021  0.81943846  0.56744777 -0.05252204],2->1
0.9519977738150889,0.21306532663316585,0.15103406614756998,12.097989283531149,[-0.95876892 -0.27315712 -0.07368981 -0.02677994],2.833635100433027,[-0.13005208  0.249315    0.46230286  0.84095455],3->2
0.9519977738150889,0.044221105527638194,0.3149768888176049,4.704400767685959,[-0.00330703  0.0078872   0.0815191   0.99663508],-4.711055016805935,[-0.06199543  0.81631778  0.57177502 -0.05343387],2->1
0.9519977738150889,0.39798994974874374,0.7626787833808187,4.634808245103851,[-0.31989942  0.43832546  0.62064394  0.56598256],-4.674911621430338,[ 0.25387422 -0.64859496 -0.06291018  0.71478302],2->1
0.9519977738150889,0.21306532663316585,1.1891587026907362,-2.861315659160607,[ 0.23327175 -0.7629411  -0.37773521  0.46991625],-12.070308724803574,[ 0.09712319 -0.530234    0.79885042 -0.26694008],1->0
0.9678644033786736,0.22110552763819097,0.16746199736197775,12.29049618618,[-0.95481891 -0.28462202 -0.08012087 -0.02986298],2.9841503432076064,[-0.1430141   0.2588341   0.47618321  0.82813128],3->2
0.9678644033786736,0.044221105527638194,0.3196131206836804,4.730029509853007,[-0.00348032  0.00801265  0.08230198  0.99656915],-4.704827963110695,[-0.06261534  0.81321786  0.57602471 -0.05432832],2->1
0.9678644033786736,0.3939698492462312,0.764850646129414,4.7338701793004105,[-0.32113764  0.42278283  0.6186805   0.57910253],-4.583279384119048,[ 0.26048631 -0.65145466 -0.08214749  0.70781741],2->1
0.9678644033786736,0.21306532663316585,1.185449601040968,-2.8611727028919405,[ 0.23697651 -0.76000981 -0.38435285  0.46743996],-12.120510645695045,[ 0.099347   -0.53483916  0.79599875 -0.26544913],1->0
0.9837310329422585,0.21306532663316585,1.181887292112561,-2.8610376808164872,[ 0.24066535 -0.75700944 -0.39092874  0.4649641 ],-12.169579670307487,[ 0.10157868 -0.53939453  0.7931505  -0.26390832],1->0
0.9837310329422585,0.3899497487437186,0.7671880410523603,4.83391581831324,[-0.32234216  0.40733462  0.61624982  0.59195456],-4.495274267673764,[ 0.26700887 -0.653913   -0.10111259  0.7006285 ],2->1
0.9837310329422585,0.044221105527638194,0.3241908830420867,4.755898160443104,[-0.00366136  0.0081332   0.08306026  0.99650461],-4.698737293141357,[-0.06321977  0.81013796  0.5802001  -0.05520502],2->1
0.9837310329422585,0.22512562814070353,0.17483429136955933,12.342536679294483,[-0.95189966 -0.29257849 -0.08500483 -0.03254301],3.133512192282651,[-0.1509421   0.25953023  0.48183998  0.82321976],3->2
0.9995976625058433,0.23316582914572867,0.19031719386755983,12.52938411648255,[-0.94747512 -0.30414844 -0.09207607 -0.03614721],3.3072120962193976,[-0.16424915  0.26582622  0.4933863   0.81174417],3->2
0.9995976625058433,0.044221105527638194,0.3287119236771141,4.781999038913349,[-0.00385065  0.00824866  0.08379381  0.99644153],-4.692785539701217,[-0.06380858  0.80707734  0.5843043  -0.05606359],2->1
0.9995976625058433,0.3819095477386935,0.7667307698105934,4.879963220185963,[-0.32043636  0.39083432  0.61213937  0.60815661],-4.35842528764593,[ 0.27319663 -0.65727193 -0.12417252  0.69133089],2->1
0.9995976625058433,0.2090452261306533,1.1774258287254988,-2.856846525167489,[ 0.24232705 -0.75669707 -0.4052888   0.45213729],-12.077798886459686,[ 0.10311745 -0.54503403  0.79087066 -0.25851171],1->0
1.0154642920694281,0.2412060301507538,0.20512555655278353,12.713632995617239,[-0.94276244 -0.31574003 -0.09951206 -0.04005693],3.4935067536339592,[-0.17769938  0.27024184  0.50357037  0.80112993],3->2
1.0154642920694281,0.04824120603015076,0.3397339567257785,4.7345715952889735,[-0.00489159  0.01005846  0.09267278  0.9956338 ],-4.6023942534384865,[-0.07018875  0.80382321  0.58732948 -0.06313367],2->1
1.0154642920694281,0.37788944723618095,0.7694066231195202,4.9817267207007605,[-0.32153243  0.37562617  0.60873728  0.6204521 ],-4.278502852735636,[ 0.27947322 -0.65896223 -0.14254707  0.68362551],2->1
1.0154642920694281,0.2090452261306533,1.1742347603922898,-2.8568092883866463,[ 0.24590201 -0.75347822 -0.41156688  0.44990607],-12.123752977097897,[ 0.1053401  -0.5494744   0.78801035 -0.25694557],1->0
1.0313309216330129,0.3738693467336684,0.7722684756501783,5.083960445260997,[-0.32264454  0.36055276  0.60491433  0.6324404 ],-4.201884080819829,[ 0.28563224 -0.66027891 -0.1606087   0.67575944],2->1
1.0313309216330129,0.2090452261306533,1.1711713534510568,-2.856774070716674,[-0.24946125  0.75020232  0.41781084 -0.44766021],-12.168553782715783,[-0.10756945  0.55386891 -0.78515075  0.25533576],1->0
1.0313309216330129,0.2532663316582915,0.22706887172855508,13.033448995769005,[-0.93627195 -0.33075828 -0.10937642 -0.04506205],3.721300964890781,[-0.19640214  0.27781307  0.5176841   0.78501546],3->2
1.0313309216330129,0.04824120603015076,0.344221948466345,4.763659571564038,[-0.00513967  0.0101773   0.0934071   0.99556272],-4.596402254174477,[-0.0708111   0.80078565  0.59129386 -0.06402894],2->1
1.0471975511965979,0.2613065326633166,0.24004765914247947,13.213221818780653,[0.9308692  0.34231425 0.11762471 0.04967813],3.9325166968350556,[-0.21003455  0.2780881   0.52492759  0.77653301],3->2
1.0471975511965979,0.04824120603015076,0.3486584812121535,4.792971587127673,[-0.0053998   0.0102891   0.09411361  0.99549365],-4.5905664699383895,[-0.07141628  0.79776468  0.59519652 -0.06490248],2->1
1.0471975511965979,0.36984924623115584,0.7753259598324891,5.186492389933617,[-0.32379069  0.34562138  0.6006858   0.64411336],-4.128456734474986,[ 0.29166673 -0.66123438 -0.17834879  0.66775094],2->1
1.0471975511965979,0.20502512562814074,1.1671556084577985,-2.8550738385824808,[-0.2506322   0.74936243  0.43117405 -0.43557822],-12.070587232434244,[-0.10900535  0.55929466 -0.78281111  0.25002816],1->0
1.0630641807601826,0.2693467336683417,0.25223366858665136,13.390984924222696,[0.925124   0.35385593 0.12626719 0.0546642 ],4.152063715264306,[-0.22377785  0.27675364  0.53107216  0.76895595],3->2
1.0630641807601826,0.04824120603015076,0.3530458000547775,4.822499015804106,[-0.00567294  0.01039366  0.09479223  0.99542665],-4.5848888598539155,[-0.07200411  0.79475955  0.59904013 -0.065754  ],2->1
1.0630641807601826,0.36180904522613067,0.7755065461835274,5.235617318885948,[-0.32148443  0.32970837  0.59446599  0.65920432],-4.010768805770697,[ 0.29713533 -0.66320056 -0.20016419  0.65712245],2->1
1.0630641807601826,0.20502512562814074,1.1644256578655974,-2.8550725179345653,[-0.25407993  0.74591755  0.43715868 -0.43352357],-12.112300106993311,[-0.11122152  0.56358139 -0.77993742  0.24840171],1->0
1.0789308103237674,0.3577889447236181,0.7789661173319055,5.338448485380773,[-0.32266611  0.31511865  0.58939915  0.67022046],-3.9445517551381215,[ 0.30284366 -0.66347882 -0.21721372  0.64876789],2->1
1.0789308103237674,0.28140703517587945,0.27050165427824074,13.706194281757037,[0.91735339 0.36857828 0.13749321 0.06089687],4.420068590854701,[-0.24249714  0.27706025  0.54000662  0.75685244],3->2
1.0789308103237674,0.04824120603015076,0.3573862703394604,4.8522332166794895,[-0.0059602   0.01049074  0.0954429   0.99536178],-4.579371259638804,[-0.07257441  0.79176952  0.60282723 -0.06658321],2->1
1.0789308103237674,0.20502512562814074,1.1618072300425153,-2.8550712681155934,[-0.25751168  0.74242409  0.44311434 -0.43144395],-12.152844685155237,[-0.11344319  0.56782577 -0.77706207  0.24673686],1->0
1.0947974398873521,0.20100502512562815,1.15820965188965,-2.8555822212727673,[-0.25819842  0.7411975   0.45559709 -0.41998943],-12.0488824394419,[-0.11476344  0.57304848 -0.77466862  0.24152291],1->0
1.0947974398873521,0.35376884422110555,0.782655850077314,5.441049895057344,[-0.32394124  0.30068786  0.58397384  0.68089899],-3.8811864827055493,[ 0.3084061  -0.66343824 -0.2339207   0.6403253 ],2->1
1.0947974398873521,0.2934673366834171,0.28731239782988005,14.021004788800447,[0.90907374 0.3830892  0.14919425 0.06759207],4.69999780520325,[-0.26111208  0.2748624   0.54715701  0.74625086],3->2
1.0947974398873521,0.04824120603015076,0.36168239611647524,4.882165537032131,[-0.00626285  0.01058014  0.09606555  0.99529907],-4.574015388054723,[-0.07312698  0.78879382  0.60656027 -0.06738987],2->1
1.110664069450937,0.30150753768844224,0.2967369873623547,14.194897228901006,[0.90204475 0.39437023 0.15914951 0.0738838 ],4.9425387533063825,[-0.27507099  0.26836401  0.54975826  0.74167551],3->2
1.110664069450937,0.052261306532663324,0.3729693770748363,4.855612823522385,[-0.00781652  0.01259319  0.10515919  0.99434494],-4.484187141478425,[-0.07983573  0.78550171  0.60908917 -0.07499141],2->1
1.110664069450937,0.34572864321608043,0.7833736720728701,5.4906955044036385,[-0.32149568  0.28536979  0.5763267   0.69501953],-3.7772235377969503,[ 0.31317842 -0.66450461 -0.25466889  0.62888525],2->1
1.110664069450937,0.20100502512562815,1.1558896763842679,-2.8555730420034884,[-0.26151906  0.73757311  0.46132356 -0.41806011],-12.086376856231853,[-0.11696772  0.57719176 -0.7717777   0.23984871],1->0
1.1265306990145219,0.3135678391959799,0.31130249485085704,14.509202333905058,[0.89274154 0.40848304 0.17176965 0.08154346],5.237725730497769,[-0.29363202  0.26229235  0.55418641  0.73338965],3->2
1.1265306990145219,0.052261306532663324,0.3772618843503269,4.888554235036221,[-0.00821343  0.01266967  0.10575652  0.99427741],-4.478928344806282,[-0.08041297  0.78253529  0.61271971 -0.07580785],2->1
1.1265306990145219,0.3417085427135679,0.7875395204440839,5.592510155151161,[-0.32293376  0.27131862  0.57016337  0.704992  ],-3.720402349666632,[ 0.31836275 -0.66387941 -0.27064314  0.62021091],2->1
1.1265306990145219,0.20100502512562815,1.1536678395268545,-2.8555643567040705,[-0.26482308  0.73390631  0.46702458 -0.4160989 ],-12.122692815065134,[-0.1191763   0.58129587 -0.76888307  0.23814061],1->0
1.1423973285781066,0.33366834170854276,0.788637126951517,5.641752604088446,[-0.32045212  0.25645036  0.56161186  0.7184259 ],-3.6256858818197144,[ 0.32257297 -0.66444348 -0.29064291  0.60826659],2->1
1.1423973285781066,0.20100502512562815,1.1515419598264314,-2.8555561420935835,[-0.26811024  0.73019718  0.47269971 -0.41410623],-12.157820094323101,[-0.12138892  0.58536179 -0.76598383  0.23640024],1->0
1.1423973285781066,0.32562814070351764,0.3246997815675613,14.824298042636556,[0.8828673  0.42229182 0.18484109 0.08971472],5.539330221445828,[-0.31208828  0.25428009  0.55721214  0.72626247],3->2
1.1423973285781066,0.052261306532663324,0.381520168583222,4.921676826000214,[-0.00863413  0.01273586  0.1063229   0.9942126 ],-4.47384518468335,[-0.08097076  0.77958062  0.6163039  -0.07659826],2->1
1.1582639581416914,0.3376884422110553,0.33704565993798635,15.1406370171838,[0.8724041  0.43575865 0.19834629 0.09840854],5.8457462002641405,[-0.33043589  0.2444971   0.55893253  0.72015812],3->2
1.1582639581416914,0.052261306532663324,0.3857480065691514,4.954971091875898,[-0.00908119  0.01279141  0.10685831  0.9941505 ],-4.468938860840415,[-0.08150888  0.77663698  0.61984381 -0.07736248],2->1
1.1582639581416914,0.3296482412060302,0.7933440714947634,5.742053719993489,[-0.32215097  0.24278761  0.55477443  0.72766631],-3.574981985115646,[ 0.32734514 -0.66330425 -0.30586942  0.59943017],2->1
1.1582639581416914,0.1969849246231156,1.1484964039381647,-2.858047253167261,[-0.26821814  0.72863771  0.48421844 -0.40333436],-12.04625810572198,[-0.12255473  0.59033524 -0.76353075  0.23131242],1->0
1.1741305877052763,0.349748743718593,0.34845276668364855,15.458692040548508,[0.86133602 0.44884275 0.21226311 0.10763284],6.155533532953053,[-0.34866636  0.23309371  0.55942411  0.71494319],3->2
1.1741305877052763,0.052261306532663324,0.3899495615093557,4.988427533972083,[-0.00955766  0.01283596  0.10736274  0.99409111],-4.464210482999817,[-0.08202711  0.77370365  0.62334144 -0.07810034],2->1
1.1741305877052763,0.3216080402010051,0.794873022469036,5.790140103279858,[-0.31973075  0.22840189  0.54539257  0.74037272],-3.4891794946643313,[ 0.33093343 -0.6634436  -0.32509196  0.58706121],2->1
1.1741305877052763,0.1969849246231156,1.146628698442336,-2.858007004343727,[-0.27139231  0.72483243  0.48969125 -0.40145566],-12.07838750238972,[-0.12474465  0.59430824 -0.76061396  0.22957111],1->0
1.189997217268861,0.1969849246231156,1.1448465054505745,-2.8579689949707068,[-0.27454867  0.72098941  0.49514049 -0.39954123],-12.10932385184621,[-0.12693734  0.59824584 -0.75769085  0.22780122],1->0
1.189997217268861,0.36180904522613067,0.3590260237471938,15.778953858253436,[0.84964978 0.46150072 0.22656447 0.11739196],6.467389236985659,[-0.3667651   0.22020324  0.55874649  0.71049015],3->2
1.189997217268861,0.05628140703517588,0.4016009974534314,4.980322945301764,[-0.01177957  0.014954    0.11651037  0.99300703],-4.375890640333883,[-0.08899044  0.77031784  0.625529   -0.08604996],2->1
1.189997217268861,0.3135678391959799,0.7965796766685321,5.837644159260073,[-0.31729913  0.2142787   0.53555645  0.75271853],-3.4086735003123105,[ 0.334124   -0.66342529 -0.34392553  0.57440688],2->1
1.2058638468324459,0.1969849246231156,1.1431482886208826,-2.857933132899792,[-0.27768694  0.71710865  0.50056564 -0.39759174],-12.139058738091144,[-0.12913253  0.6021489  -0.75476065  0.22600408],1->0
1.2058638468324459,0.30954773869346736,0.8022349503167376,5.934393957516026,[-0.31955836  0.20122894  0.52779415  0.76080399],-3.3670015930926716,[ 0.33816818 -0.66166525 -0.35799777  0.5654016 ],2->1
1.2058638468324459,0.3738693467336684,0.36886104002197245,16.10192834187943,[0.83733558 0.47368694 0.24121792 0.12768602],6.780123993210599,[-0.38471063  0.20594506  0.55694595  0.70667926],3->2
1.2058638468324459,0.05628140703517588,0.40585722711130673,5.016760633420257,[-0.01241231  0.01496484  0.11696598  0.99294559],-4.371363664103462,[-0.08952535  0.76738247  0.62895136 -0.08677302],2->1
1.2217304763960306,0.3819095477386935,0.3741189657178161,16.28084500575482,[0.82645517 0.48318545 0.25406792 0.13767053],7.03747836385544,[-0.39909784  0.19070024  0.55291306  0.70614551],3->2
1.2217304763960306,0.05628140703517588,0.4101079729403807,5.05333592118817,[-0.01309352  0.01496067  0.11738772  0.99288713],-4.367025346566462,[-0.09003847  0.76445498  0.63233793 -0.08746652],2->1
1.2217304763960306,0.30150753768844224,0.8044760694794177,5.979619022739071,[-0.31736299  0.18761208  0.51723243  0.77236847],-3.2950172420996564,[ 0.3406378  -0.66135357 -0.37603073  0.55242939],2->1
1.2217304763960306,0.1969849246231156,1.1415325865806487,-2.8578993326408493,[-0.28080686  0.71319014  0.50596619 -0.39560783],-12.16758417243019,[-0.13132994  0.60601823 -0.75182261  0.22418098],1->0
1.2375971059596156,0.3939698492462312,0.3829443595577881,16.609747591406016,[0.81288522 0.49441698 0.26935766 0.14905008],7.348486496297958,[-0.4168374   0.17420639  0.54913205  0.7031022 ],3->2
1.2375971059596156,0.06030150753768845,0.422170124540355,5.0581193609393,[-0.0159883   0.01712925  0.12651558  0.99168784],-4.280704202108497,[-0.09716435  0.76096026  0.63431286 -0.09563355],2->1
1.2375971059596156,0.2934673366834171,0.8069426296654203,6.0237005839494575,[-0.31525004  0.17427246  0.50626981  0.78354157],-3.2282402879360528,[ 0.34264368 -0.66095643 -0.39366201  0.53922363],2->1
1.2375971059596156,0.19296482412060303,1.1390987615918728,-2.862165131053248,[-0.28022989  0.71140211  0.51648106 -0.38551986],-12.047069498227861,[-0.13229048  0.61070822 -0.74930703  0.21925711],1->0
1.2534637355232003,0.19296482412060303,1.1377009658339767,-2.8620913625911517,[-0.28323214  0.70741865  0.52170248 -0.38362082],-12.072673847787886,[-0.13445861  0.61449386 -0.74634934  0.21744158],1->0
1.2534637355232003,0.28944723618090457,0.8138113487334103,6.115289777020784,[-0.31840142  0.16176838  0.49769     0.7904152 ],-3.1948501804945164,[ 0.34587202 -0.6587635  -0.40659998  0.53016946],2->1
1.2534637355232003,0.40603015075376886,0.3912428003846603,16.9429275113731,[0.79867714 0.50503229 0.28487684 0.16094222],7.657463447620656,[-0.43432005  0.15661919  0.54429849  0.70041108],3->2
1.2534637355232003,0.06030150753768845,0.42655112840830023,5.097638400498441,[-0.01690388  0.01706919  0.12686998  0.99162841],-4.276635744100779,[-0.09768913  0.75802343  0.63764005 -0.09629368],2->1
1.269330365086785,0.4180904522613066,0.39907576690820395,17.28091471933452,[0.78384229 0.51498257 0.30057024 0.17332558],7.96350771850139,[-0.45149603  0.13803376  0.53843601  0.69798616],3->2
1.269330365086785,0.06030150753768845,0.4309637185252927,5.1372644183357465,[-0.01790321  0.01698783  0.1271874   0.99157161],-4.2727641494452735,[-0.09819014  0.75509225  0.64093731 -0.09692134],2->1
1.269330365086785,0.28140703517587945,0.8169772015592809,6.155995250141964,[-0.31676341  0.14891173  0.48608567  0.800754  ],-3.136339706002827,[ 0.34705238 -0.65821483 -0.42343424  0.51673139],2->1
1.269330365086785,0.19296482412060303,1.1363779214412775,-2.862022116014476,[-0.28621476  0.7034011   0.52690091 -0.381685  ],-12.097070769368536,[-0.13662759  0.6182482  -0.74338241  0.21560301],1->0
1.28519699465037,0.4261306532663317,0.403290069720723,17.473026647729434,[-0.77048009 -0.5225421  -0.31448483 -0.18549789],8.210262673308787,[-0.46567882  0.11936415  0.53094412  0.69784939],3->2
1.28519699465037,0.06432160804020101,0.44367076921958204,5.154917692569097,[-0.02172955  0.01911317  0.13621837  0.99025606],-4.188765363146059,[-0.10546995  0.75146445  0.64273131 -0.10523186],2->1
1.28519699465037,0.2733668341708543,0.8204512125253456,6.195009105879929,[-0.31534251  0.13632203  0.47412245  0.81066843],-3.083043615244751,[ 0.34769751 -0.65765737 -0.43986698  0.50310064],2->1
1.28519699465037,0.19296482412060303,1.13512862842105,-2.861957239491722,[-0.28917744  0.69934945  0.53207583 -0.37971313],-12.12025384904772,[-0.13879711  0.62197195 -0.74040556  0.21374249],1->0
1.3010636242139548,0.26532663316582916,0.8242660625776113,6.232151754250227,[-0.31419562  0.12399256  0.4618122   0.82014417],-3.0350222792438992,[ 0.34777721 -0.65711785 -0.45589867  0.48928881],2->1
1.3010636242139548,0.4381909547738694,0.41050649443624915,17.82112037295116,[-0.75442752 -0.53115152 -0.33042428 -0.19883908],8.508108642285068,[-0.4822794   0.09914043  0.52319257  0.69559132],3->2
1.3010636242139548,0.06432160804020101,0.4483536100912521,5.197421491300302,[-0.02310278  0.01894249  0.13644811  0.99019663],-4.1852194263940055,[-0.10597743  0.74851709  0.64598426 -0.10580775],2->1
1.3010636242139548,0.19296482412060303,1.1339521413758509,-2.861896592603318,[-0.29211989  0.69526372  0.53722675 -0.37770591],-12.142217049638809,[-0.14096684  0.6256658  -0.73741816  0.21186109],1->0
1.3169302537775396,0.19296482412060303,1.132847569200507,-2.861840045687953,[-0.2950418   0.69114392  0.54235317 -0.37566402],-12.16295470243579,[-0.14313647  0.62933039 -0.73441956  0.2099598 ],1->0
1.3169302537775396,0.2613065326633166,0.8333953315678406,6.314433836588397,[-0.31928422  0.11201344  0.45221493  0.82523465],-3.0122990481038294,[ 0.3497212  -0.65465811 -0.46738058  0.48028454],2->1
1.3169302537775396,0.06432160804020101,0.4531402001797647,5.239995055705764,[-0.02463015  0.01873892  0.13663692  0.99013765],-4.181876063989336,[-0.10645905  0.7455733   0.64921252 -0.10634859],2->1
1.3169302537775396,0.4462311557788945,0.41443935935116577,18.022543196777583,[-0.73985705 -0.53750355 -0.34459914 -0.21202099],8.745558202442163,[-0.49613653  0.07913181  0.51401151  0.69525454],3->2
1.3327968833411243,0.45427135678391967,0.4183081937931188,18.228986727883377,[-0.72469908 -0.54323234 -0.35884841 -0.22569379],8.977582742020653,[-0.5098243   0.05856066  0.50401998  0.69470404],3->2
1.3327968833411243,0.06834170854271357,0.4669329882130316,5.27039249899919,[-0.02983421  0.02068212  0.1454834   0.98869447],-4.1004726198945605,[-0.11388389  0.74178953  0.65085851 -0.11472556],2->1
1.3327968833411243,0.2532663316582915,0.8383052660416064,6.346769832994341,[-0.31913823  0.10003959  0.43931621  0.83375304],-2.972565138489685,[ 0.34881201 -0.6541604  -0.48264821  0.46632078],2->1
1.3327968833411243,0.19296482412060303,1.1318140747267271,-2.8617874792479583,[-0.29794285  0.68699013  0.5474546  -0.37358811],-12.182461499604216,[-0.14530567  0.63296637 -0.73140915  0.20803962],1->0
1.3486635129047093,0.4623115577889448,0.4221239550303598,18.440929656206535,[0.70897228 0.5482957  0.37311353 0.23982583],9.203651448053776,[-0.52328079  0.03747606  0.49321878  0.69390777],3->2
1.3486635129047093,0.06834170854271357,0.4722693320938903,5.315745372875517,[-0.03200993  0.02033167  0.14555916  0.98862254],-4.097497530720889,[-0.11436669  0.73882327  0.65405664 -0.11519697],2->1
1.3486635129047093,0.24522613065326634,0.843742683643705,6.3766969929187995,[-0.31952996  0.08826265  0.42608002  0.8417637 ],-2.9383033963116887,[ 0.34725552 -0.65375485 -0.4975261   0.45220126],2->1
1.3486635129047093,0.18894472361809048,1.1300945246930205,-2.8676649511846546,[-0.29644852  0.68511605  0.55682508 -0.3642528 ],-12.050416155816606,[-0.14595767  0.63730814 -0.72882195  0.20335501],1->0
1.364530142468294,0.4703517587939699,0.4258965122602724,18.65883420652159,[0.69270345 0.55265495 0.38733187 0.25437858],9.42325615232594,[-0.53644017  0.01593378  0.48161491  0.69283847],3->2
1.364530142468294,0.07236180904522614,0.4873636292406084,5.355976544320299,[-0.03874273  0.02202934  0.15420432  0.9870333 ],-4.018717747849552,[-0.1219018   0.7348909   0.65558832 -0.12360932],2->1
1.364530142468294,0.23718592964824123,0.849793470190834,6.404034449630609,[-0.32058583  0.0766515   0.41250274  0.84922951],-2.90965743232051,[-0.34501773  0.65346504  0.51201688 -0.43793254],2->1
1.364530142468294,0.18894472361809048,1.1292371538081674,-2.8675816195324524,[-0.29922233  0.68092903  0.56176936 -0.36223866],-12.067127867274408,[-0.14808821  0.64087208 -0.72578936  0.20145139],1->0
1.3803967720318788,0.18894472361809048,1.128445571263218,-2.867505096359448,[-0.30197357  0.67671118  0.56668995 -0.36018946],-12.082618562360317,[-0.15021675  0.64440954 -0.72274385  0.19953098],1->0
1.3803967720318788,0.2291457286432161,0.8565687649368229,6.428597390273094,[-0.32246606  0.06516455  0.39857385  0.85610053],-2.8867974182893525,[-0.34206405  0.65331266  0.52612308 -0.42352009],2->1
1.3803967720318788,0.478391959798995,0.4296347602115397,18.883139073702527,[0.67592784 0.55627612 0.40143766 0.26930695],9.635917903083772,[-0.54923387 -0.00600387  0.46922215  0.69147428],3->2
1.3803967720318788,0.0763819095477387,0.5035942825801418,5.403238173209621,[-0.04677605  0.02350709  0.16267678  0.98528964],-3.942482309031899,[-0.12951703  0.73082813  0.65701985 -0.13206249],2->1
1.3962634015954636,0.48643216080402013,0.4333467183513858,19.11425235911437,[0.65868909 0.55913116 0.41536331 0.28455993],9.841193603880136,[-0.56159215 -0.02826855  0.4560615   0.68979929],3->2
1.3962634015954636,0.0763819095477387,0.510790602626196,5.453865306615091,[-0.05092656  0.02270664  0.1624921   0.98513309],-3.940110954756492,[-0.13002347  0.72780375  0.66020264 -0.13239362],2->1
1.3962634015954636,0.22110552763819097,0.8642144844359022,6.450193790197132,[-0.32537752  0.05374614  0.38427342  0.86230781],-2.869921337394598,[-0.33835977  0.65331692  0.53984673 -0.40896843],2->1
1.3962634015954636,0.18894472361809048,1.127719250688315,-2.8674352296605266,[-0.30470188  0.67246259  0.57158639 -0.35810589],-12.096884301444355,[-0.15234292  0.64792108 -0.71968485  0.19759461],1->0
1.4121300311590486,0.4944723618090453,0.43703961751199144,19.35254481037057,[-0.64103894 -0.56119893 -0.42904075 -0.30008145],10.038682406639092,[-0.57344564 -0.05078665  0.44216127  0.68780392],3->2
1.4121300311590486,0.08040201005025127,0.529765575809854,5.510557574303878,[-0.061851    0.02355134  0.17059046  0.98311682],-3.86671472730701,[ 0.137742   -0.72357036 -0.66155173  0.14079196],2->1
1.4121300311590486,0.21306532663316585,0.8729249375827683,6.468619376463876,[-0.32959276  0.04232129  0.36956828  0.86775389],-2.8592558288902703,[-0.33387067  0.65349398  0.5531891  -0.39428139],2->1
1.4121300311590486,0.18894472361809048,1.127057707862335,-2.867371881752367,[-0.3074069   0.66818335  0.57645826 -0.3559886 ],-12.109921477257258,[-0.15446632  0.65140729 -0.7166118   0.1956431 ],1->0
1.4279966607226333,0.18894472361809048,1.1264605007653195,-2.8673149287063167,[-0.31008825  0.66387357  0.58130513 -0.35383824],-12.12172681044725,[-0.15658656  0.65486871 -0.71352417  0.19367724],1->0
1.4279966607226333,0.20100502512562815,0.8752566263762166,6.440398529552995,[-0.32750392  0.03196257  0.35106134  0.87662735],-2.8554703438328284,[-0.32413011  0.656347    0.56993181 -0.37326401],2->1
1.4279966607226333,0.08442211055276383,0.5511845069082939,5.573899107023921,[-0.07529381  0.02380926  0.17835188  0.98079283],-3.796008371566772,[ 0.145535   -0.71919136 -0.6628228   0.14916197],2->1
1.4279966607226333,0.49849246231155786,0.43829857681791656,19.440549047666714,[-0.62473185 -0.56155823 -0.44116602 -0.31580853],10.174709608154306,[-0.58367342 -0.07250986  0.42729619  0.68664811],3->2
1.443863290286218,0.5025125628140704,0.43965154965870096,19.535298465108088,[-0.60798092 -0.56121258 -0.45305766 -0.33187105],10.302777077743237,[-0.59359287 -0.09440172  0.41175398  0.68497773],3->2
1.443863290286218,0.08844221105527639,0.5759419517115298,5.64363081504555,[-0.09208752  0.02322906  0.18566213  0.97801323],-3.7280377645839713,[ 0.15339954 -0.71466116 -0.6640256   0.15747384],2->1
1.443863290286218,0.19296482412060303,0.8864145383363565,6.45243890407043,[-0.33516536  0.02045871  0.33539654  0.88020156],-2.861522836453675,[-0.3176401   0.65696967  0.58242765 -0.35815311],2->1
1.443863290286218,0.18894472361809048,1.1259272295980582,-2.8672642598425275,[-0.31274555  0.6595334   0.5861266  -0.35165542],-12.13229734558766,[-0.15870324  0.65830589 -0.71042142  0.19169778],1->0
1.4597299198498028,0.5105527638190955,0.4434536726280019,19.795744780118124,[-0.58927661 -0.56097543 -0.46576573 -0.34802576],10.47539029906414,[-0.60388571 -0.11730379  0.39584818  0.68181089],3->2
1.4597299198498028,0.09648241206030152,0.6195604750692308,5.739119626230533,[-0.12290291  0.02220122  0.19989928  0.97182419],-3.6016506390511545,[ 0.16869089 -0.70834142 -0.66299184  0.17388972],2->1
1.4597299198498028,0.18090452261306533,0.8904372364180448,6.419224436956541,[-0.33667439  0.01024929  0.3156988   0.88706233],-2.8843190463341,[-0.30502654  0.66039865  0.59812696 -0.3362686 ],2->1
1.4597299198498028,0.18894472361809048,1.1254575367773452,-2.867219777281865,[-0.31537843  0.65516297  0.59092226 -0.34944072],-12.141630447616972,[-0.16081592  0.66171937 -0.70730302  0.18970545],1->0
1.4755965494133878,0.16884422110552766,0.8955089442924732,6.383843211911497,[-3.40886244e-01  4.18838762e-06  2.95226713e-01  8.92545661e-01],-2.924643377714914,[ 0.29068515 -0.66408623 -0.61318251  0.31384524],2->1
1.4755965494133878,0.18894472361809048,1.125051106914215,-2.867181395552655,[-0.3179865   0.65076246  0.59569173 -0.34719471],-12.149723798695193,[-0.16292419  0.66510966 -0.70416844  0.18770095],1->0
1.4755965494133878,0.5145728643216081,0.4449629428949933,19.905293249051667,[-0.57186674 -0.559149   -0.47694137 -0.36448287],10.586400272746417,[-0.6128391  -0.13930285  0.37906292  0.67921591],3->2
1.4755965494133878,0.10452261306532665,0.6727815929322536,5.848486016314486,[-0.16333762  0.01804669  0.21221141  0.96330756],-3.4857546069309273,[-0.18407785  0.70154142  0.66167233 -0.19011764],2->1
1.4914631789769726,0.5145728643216081,0.44427574564095734,19.863051207169338,[-0.55556229 -0.55582392 -0.48671085 -0.38147459],10.636181817559596,[-0.62084731 -0.16046342  0.36137274  0.67691199],3->2
1.4914631789769726,0.11658291457286434,0.7556435166625225,5.999105441557061,[-0.22950845  0.00805109  0.22741875  0.94633068],-3.332012245634712,[-0.20678812  0.69215522  0.65752616 -0.21405414],2->1
1.4914631789769726,0.15678391959798996,0.9025200424814113,6.346082275895781,[-0.34924971 -0.01054325  0.27382372  0.89606587],-2.9837105676327598,[-0.27461749  0.6679519   0.62752038 -0.29093583],2->1
1.4914631789769726,0.18894472361809048,1.1247076667813938,-2.8671490412495353,[ 0.32056936 -0.64633205 -0.60043465  0.34491796],-12.156575395462296,[ 0.16502759 -0.66847729  0.70101719 -0.18568496],1->0
1.5073298085405573,0.5185929648241207,0.44600599012013964,19.987595051704186,[-0.53756876 -0.55257593 -0.49705809 -0.39826238],10.729599688030733,[-0.62888922 -0.18238463  0.34346578  0.67324992],3->2
1.5073298085405573,0.18894472361809048,1.1244269852752256,-2.867122652742206,[ 0.3231266  -0.64187194 -0.60515066  0.34261098],-12.162183546686439,[-0.16712566  0.67182277 -0.69784875  0.18365814],1->0
1.5231964381041423,0.5226130653266332,0.44783086093470337,20.12005539816795,[-0.51942946 -0.5486224  -0.50688198 -0.41506284],10.81389703311884,[-0.63631594 -0.20413766  0.32508656  0.66914017],3->2
1.5231964381041423,0.18894472361809048,1.1242088733764546,-2.867102179932141,[ 0.32565782 -0.63738234 -0.60983943  0.34027431],-12.166546871291612,[-0.16921793  0.67514659 -0.69466262  0.18162112],1->0
1.539063067667727,0.5226130653266332,0.4475197149276832,20.100493386944635,[-0.50231113 -0.54323236 -0.51529264 -0.43249928],10.836874002418451,[-0.6430515  -0.2250025   0.30584119  0.66507129],3->2
1.539063067667727,0.18894472361809048,1.12405318411347,-2.867087584055636,[ 0.32816259 -0.63286349 -0.61450061  0.33790844],-12.169664296755505,[-0.1713039   0.67844925 -0.6914583   0.17957452],1->0
1.5549296972313118,0.5226130653266332,0.4473330868800044,20.088702024152706,[-0.48499099 -0.5371779  -0.52317389 -0.45001414],10.850716270277417,[-0.64934187 -0.24566935  0.28615113  0.66039324],3->2
1.5549296972313118,0.18894472361809048,1.123959812530835,-2.8670788375319933,[ 0.33064048 -0.62831562 -0.6191339   0.33551387],-12.171535057870887,[-0.17338308  0.68173126 -0.68823529  0.17751894],1->0
1.5707963267948966,0.5226130653266332,0.44727088748744337,20.084762467493583,[-0.46753535 -0.53048157 -0.53048157 -0.46753535],10.855339783596722,[-0.65513732 -0.26607347  0.26607347  0.65513732],3->2
1.5707963267948966,0.18894472361809048,1.123928695665306,-2.867075923855669,[ 0.33309106 -0.623739   -0.623739    0.33309106],-12.172158695864658,[-0.17545494  0.68499311 -0.68499311  0.17545494],1->0
